nome,sobrenome,email,cpf_cnpj,profissao,aniversario
Sashenka,Zachary,Sashenka.Zachary@edesoft.com,019.031.641-17,devops,04/02/1937
Rosene,Pearse,Rosene.Pearse@edesoft.com,632.793.692-07,devops,29/10/1931
Cherrita,Terencio,Cherrita.Terencio@edesoft.com,09.296.653/0001-34,devops,17/10/1911
Dorothy,Catie,Dorothy.Catie@edesoft.com,489.276.344-62,eng. software,23/08/1992
Caritta,Ciapas,Caritta.Ciapas@edesoft.com,56.699.605/0001-77,dba,23/02/1938
Kara-Lynn,Noelyn,Kara-Lynn.Noelyn@edesoft.com,308.355.099-58,gerente,30/06/1991
Candi,Toni,Candi.Toni@edesoft.com,319.516.335-71,devops,04/07/1942
Heddie,Klotz,Heddie.Klotz@edesoft.com,063.093.936-50,dba,09/10/1966
Emmey,Saree,Emmey.Saree@edesoft.com,91.840.640/0001-65,dba,17/10/1993
Roz,Charity,Roz.Charity@edesoft.com,412.448.387-21,dba,05/04/1939
Reeba,Wallis,Reeba.Wallis@edesoft.com,70.263.470/0001-23,dba,19/08/1973
Codie,Bates,Codie.Bates@edesoft.com,047.656.404-26,desenvolvedor python,11/06/1956
Vere,Bevin,Vere.Bevin@edesoft.com,221.906.493-07,desenvolvedor python,09/06/1981
Elka,Drus,Elka.Drus@edesoft.com,824.462.844-85,dba,25/09/1974
Marita,Bethany,Marita.Bethany@edesoft.com,661.329.737-29,dba,25/02/1986
Nerta,Joni,Nerta.Joni@edesoft.com,55.059.892/0001-98,dba,10/08/1925
Patricia,Rosemary,Patricia.Rosemary@edesoft.com,69.156.401/0001-31,diretor,10/07/1959
Hermione,Niles,Hermione.Niles@edesoft.com,099.670.802-21,dba,25/12/1961
Lauryn,Gilbertson,Lauryn.Gilbertson@edesoft.com,468.460.869-78,diretor,30/11/1942
Latisha,Emmaline,Latisha.Emmaline@edesoft.com,583.644.747-07,devops,18/04/1953
Neila,Isidore,Neila.Isidore@edesoft.com,099.424.243-34,devops,12/01/1927
Ketti,Hilbert,Ketti.Hilbert@edesoft.com,571.986.235-81,diretor,05/04/1931
Alyda,Creamer,Alyda.Creamer@edesoft.com,77.561.057/0001-94,devops,20/03/1909
Doralynne,Voletta,Doralynne.Voletta@edesoft.com,669.814.278-69,gerente,27/11/1949
Dorothy,Shields,Dorothy.Shields@edesoft.com,067.776.092-29,diretor,03/10/1933
Fayre,Monk,Fayre.Monk@edesoft.com,92.934.134/0001-06,diretor,05/06/1997
Anthia,Havens,Anthia.Havens@edesoft.com,002.824.217-34,eng. software,10/06/1987
Stacey,Liebermann,Stacey.Liebermann@edesoft.com,67.765.573/0001-87,desenvolvedor python,27/11/1911
Paulita,Tamsky,Paulita.Tamsky@edesoft.com,167.615.050-11,eng. software,07/05/1901
Deirdre,Papageno,Deirdre.Papageno@edesoft.com,103.631.109-09,devops,10/02/1982
Blondelle,Ferrell,Blondelle.Ferrell@edesoft.com,26.589.326/0001-90,eng. software,21/07/1971
Valera,Pozzy,Valera.Pozzy@edesoft.com,61.937.901/0001-07,diretor,20/06/1908
Stephanie,Jagir,Stephanie.Jagir@edesoft.com,42.932.602/0001-27,eng. software,17/02/1995
Claudina,Kosey,Claudina.Kosey@edesoft.com,33.378.389/0001-62,eng. software,01/11/1917
Olwen,Nikaniki,Olwen.Nikaniki@edesoft.com,653.578.404-58,devops,02/12/1972
Damaris,Denis,Damaris.Denis@edesoft.com,736.304.813-45,eng. software,16/02/1944
Melisent,Sperling,Melisent.Sperling@edesoft.com,289.878.756-60,desenvolvedor python,18/05/1978
Jaclyn,Sikorski,Jaclyn.Sikorski@edesoft.com,23.540.162/0001-18,gerente,05/06/1964
Correy,Uund,Correy.Uund@edesoft.com,97.038.598/0001-40,estagiario,28/03/1993
Gianina,Harl,Gianina.Harl@edesoft.com,28.849.771/0001-77,desenvolvedor python,27/05/1918
Andeee,Pandolfi,Andeee.Pandolfi@edesoft.com,53.407.288/0001-80,eng. software,10/11/1904
Jessy,Agle,Jessy.Agle@edesoft.com,984.814.668-75,desenvolvedor python,08/10/1958
Leanna,Gino,Leanna.Gino@edesoft.com,798.943.377-08,diretor,02/04/1906
Lynnea,Brotherson,Lynnea.Brotherson@edesoft.com,244.911.470-00,eng. software,21/06/1952
Ardeen,Niccolo,Ardeen.Niccolo@edesoft.com,881.379.729-00,dba,15/05/1987
Jany,Geffner,Jany.Geffner@edesoft.com,15.981.753/0001-00,estagiario,13/02/1940
Tobe,Olin,Tobe.Olin@edesoft.com,490.060.313-99,dba,14/04/1917
Cecile,Alabaster,Cecile.Alabaster@edesoft.com,125.454.608-18,devops,26/04/1990
Aili,Knowling,Aili.Knowling@edesoft.com,850.798.111-96,devops,13/03/1973
Feliza,Delp,Feliza.Delp@edesoft.com,343.558.041-00,desenvolvedor python,08/08/1993
Darlleen,Casimir,Darlleen.Casimir@edesoft.com,522.323.446-49,desenvolvedor python,17/06/2000
Gerrie,Bigner,Gerrie.Bigner@edesoft.com,776.797.235-67,eng. software,05/09/1977
Karena,Graig,Karena.Graig@edesoft.com,540.245.833-28,gerente,07/03/1902
Roz,Soneson,Roz.Soneson@edesoft.com,215.529.261-92,dba,08/10/1910
Malina,Publia,Malina.Publia@edesoft.com,68.919.182/0001-32,desenvolvedor python,22/11/1961
Elora,Azeria,Elora.Azeria@edesoft.com,947.778.266-19,devops,04/08/1902
Frances,Luhe,Frances.Luhe@edesoft.com,112.776.321-03,gerente,29/11/1901
Maud,Hoenack,Maud.Hoenack@edesoft.com,416.616.432-56,diretor,16/10/1989
Elsie,Annice,Elsie.Annice@edesoft.com,68.061.494/0001-58,devops,12/04/1955
Viviene,Dominy,Viviene.Dominy@edesoft.com,48.508.807/0001-66,diretor,06/10/1928
Carree,Buffum,Carree.Buffum@edesoft.com,09.074.013/0001-80,devops,13/09/1954
Suzette,Vivle,Suzette.Vivle@edesoft.com,63.992.763/0001-86,gerente,05/08/1945
Sibella,Dex,Sibella.Dex@edesoft.com,221.649.030-05,estagiario,08/01/1912
Melodie,Rooney,Melodie.Rooney@edesoft.com,10.142.893/0001-63,estagiario,03/01/1989
Shannah,Mullane,Shannah.Mullane@edesoft.com,794.920.078-27,gerente,12/05/1916
Stevana,Constancy,Stevana.Constancy@edesoft.com,325.417.086-53,desenvolvedor python,31/05/1910
Gratia,Himelman,Gratia.Himelman@edesoft.com,68.387.792/0001-32,dba,29/06/1908
Berget,Friede,Berget.Friede@edesoft.com,259.718.170-78,desenvolvedor python,21/01/1944
Gerianna,Elsinore,Gerianna.Elsinore@edesoft.com,727.652.878-21,dba,07/07/1953
Myriam,Standing,Myriam.Standing@edesoft.com,454.027.541-01,diretor,03/01/1959
Leanna,Llovera,Leanna.Llovera@edesoft.com,80.686.109/0001-63,devops,09/04/1999
Cecile,Urania,Cecile.Urania@edesoft.com,685.433.821-22,diretor,07/10/1979
Maisey,Jeanne,Maisey.Jeanne@edesoft.com,07.404.894/0001-24,diretor,20/03/1925
Jinny,Goode,Jinny.Goode@edesoft.com,488.907.190-36,gerente,07/11/1964
Shannah,Katrine,Shannah.Katrine@edesoft.com,19.597.845/0001-34,desenvolvedor python,09/05/1959
Chere,Urania,Chere.Urania@edesoft.com,32.111.494/0001-78,desenvolvedor python,18/10/1955
Therine,Sekofski,Therine.Sekofski@edesoft.com,466.986.069-01,estagiario,10/03/1942
Marnia,Bebe,Marnia.Bebe@edesoft.com,899.227.327-42,eng. software,22/03/1915
Damaris,Alfons,Damaris.Alfons@edesoft.com,364.950.503-72,eng. software,23/01/1967
Linzy,Valoniah,Linzy.Valoniah@edesoft.com,93.929.838/0001-45,gerente,28/09/1978
Gabi,Terrence,Gabi.Terrence@edesoft.com,705.568.550-86,devops,17/12/1990
Georgina,Mendez,Georgina.Mendez@edesoft.com,339.316.574-77,dba,25/01/1978
Mellicent,Pozzy,Mellicent.Pozzy@edesoft.com,62.350.619/0001-83,devops,08/02/1935
Tobe,Cadmar,Tobe.Cadmar@edesoft.com,98.914.408/0001-73,dba,20/09/1954
Jordan,Cohdwell,Jordan.Cohdwell@edesoft.com,403.015.350-00,eng. software,13/03/1923
Carolina,Madelene,Carolina.Madelene@edesoft.com,84.737.243/0001-05,gerente,30/08/1978
Ardenia,Nelsen,Ardenia.Nelsen@edesoft.com,64.644.438/0001-95,estagiario,20/08/1973
Lesly,Gemini,Lesly.Gemini@edesoft.com,316.435.963-22,dba,29/04/1905
Daune,Kaja,Daune.Kaja@edesoft.com,513.601.486-55,desenvolvedor python,18/03/1979
Britte,Gabrielli,Britte.Gabrielli@edesoft.com,709.230.991-31,diretor,06/08/1978
Layla,Ezar,Layla.Ezar@edesoft.com,40.703.581/0001-42,dba,18/11/1938
Zsa Zsa,Bobbee,Zsa Zsa.Bobbee@edesoft.com,804.460.288-78,devops,25/06/1966
Nerta,Kosey,Nerta.Kosey@edesoft.com,09.474.309/0001-98,dba,10/05/1982
Janenna,Bollay,Janenna.Bollay@edesoft.com,234.137.954-06,desenvolvedor python,16/04/1980
Lynnea,Shama,Lynnea.Shama@edesoft.com,74.679.341/0001-71,diretor,23/10/1964
Fina,Madaih,Fina.Madaih@edesoft.com,407.516.497-75,gerente,20/07/1965
Yolane,Bronk,Yolane.Bronk@edesoft.com,354.662.505-62,diretor,25/01/1961
Lilith,Melony,Lilith.Melony@edesoft.com,697.295.527-03,dba,04/11/1997
Laure,Fax,Laure.Fax@edesoft.com,774.482.330-33,desenvolvedor python,04/07/1904
Robinia,Tatianas,Robinia.Tatianas@edesoft.com,325.434.595-96,estagiario,03/02/1918
Christal,Friede,Christal.Friede@edesoft.com,907.856.233-10,estagiario,24/07/1905
Hermione,Rugen,Hermione.Rugen@edesoft.com,47.071.494/0001-69,estagiario,28/05/1931
Charmaine,LaRue,Charmaine.LaRue@edesoft.com,445.150.503-89,estagiario,23/05/1951
Ada,Ramona,Ada.Ramona@edesoft.com,860.575.671-37,gerente,08/04/1988
Luci,Gilmour,Luci.Gilmour@edesoft.com,99.567.354/0001-80,gerente,04/06/2001
Clarice,Masao,Clarice.Masao@edesoft.com,79.450.346/0001-41,estagiario,18/10/1953
Giustina,Geffner,Giustina.Geffner@edesoft.com,98.869.818/0001-40,desenvolvedor python,09/10/1904
Elvira,Tice,Elvira.Tice@edesoft.com,10.355.543/0001-85,estagiario,08/06/2003
Lila,Nikaniki,Lila.Nikaniki@edesoft.com,023.007.372-72,estagiario,15/12/1936
Florencia,Therine,Florencia.Therine@edesoft.com,370.563.624-35,dba,15/10/1927
Jere,Ashok,Jere.Ashok@edesoft.com,360.512.731-23,devops,03/10/1944
Wileen,Allare,Wileen.Allare@edesoft.com,129.933.038-05,estagiario,24/06/1970
Starla,Suzetta,Starla.Suzetta@edesoft.com,49.405.863/0001-38,desenvolvedor python,06/04/1996
Roz,Swigart,Roz.Swigart@edesoft.com,86.772.748/0001-28,dba,23/08/1924
Therine,Codding,Therine.Codding@edesoft.com,54.743.606/0001-46,devops,27/02/1975
Berta,Xerxes,Berta.Xerxes@edesoft.com,487.606.146-76,dba,26/07/1906
Kristan,Goth,Kristan.Goth@edesoft.com,505.169.741-06,estagiario,02/09/1984
Ethel,Atcliffe,Ethel.Atcliffe@edesoft.com,148.525.008-00,devops,22/02/1905
Sibella,Toni,Sibella.Toni@edesoft.com,637.533.323-72,devops,13/03/1909
Hayley,Wind,Hayley.Wind@edesoft.com,078.888.399-24,desenvolvedor python,22/01/1931
Dawn,Salchunas,Dawn.Salchunas@edesoft.com,727.930.416-88,dba,14/06/1970
Leeanne,Damarra,Leeanne.Damarra@edesoft.com,447.832.031-48,gerente,25/02/1910
Stevana,Leonard,Stevana.Leonard@edesoft.com,317.795.012-18,desenvolvedor python,13/12/1901
Lynnea,Thilda,Lynnea.Thilda@edesoft.com,60.516.885/0001-08,gerente,07/12/2001
Catharine,Thornburg,Catharine.Thornburg@edesoft.com,40.352.055/0001-85,estagiario,28/04/1940
Teriann,Rudolph,Teriann.Rudolph@edesoft.com,917.996.443-59,gerente,14/05/1900
Annaliese,Erlandson,Annaliese.Erlandson@edesoft.com,74.891.753/0001-70,eng. software,07/03/1958
Angelique,Saunderson,Angelique.Saunderson@edesoft.com,87.143.384/0001-80,gerente,14/12/1914
Paulita,Susannah,Paulita.Susannah@edesoft.com,09.955.371/0001-00,devops,01/11/1985
Heida,Stephie,Heida.Stephie@edesoft.com,985.381.447-15,gerente,21/01/1904
Talya,Shirberg,Talya.Shirberg@edesoft.com,92.139.192/0001-30,diretor,25/10/1973
Agathe,Drus,Agathe.Drus@edesoft.com,496.693.547-49,devops,09/09/2000
Chandra,Kirstin,Chandra.Kirstin@edesoft.com,936.624.810-14,estagiario,08/02/1946
Frank,Rogerio,Frank.Rogerio@edesoft.com,981.413.241-10,estagiario,19/01/1908
Daune,Gordon,Daune.Gordon@edesoft.com,926.568.742-89,estagiario,15/06/1992
Alie,Tryck,Alie.Tryck@edesoft.com,37.362.879/0001-21,eng. software,18/03/1997
Raquela,Stelle,Raquela.Stelle@edesoft.com,06.125.224/0001-06,estagiario,03/09/1949
Tomasina,Louanna,Tomasina.Louanna@edesoft.com,67.590.256/0001-77,estagiario,08/06/1998
Hildegaard,Clywd,Hildegaard.Clywd@edesoft.com,303.080.050-40,devops,07/11/1921
Deane,Khorma,Deane.Khorma@edesoft.com,77.075.976/0001-58,gerente,03/06/1954
Berta,Carbo,Berta.Carbo@edesoft.com,053.132.402-85,devops,06/05/1931
Judy,Teddman,Judy.Teddman@edesoft.com,38.253.639/0001-51,eng. software,06/05/1902
Angelique,Faria,Angelique.Faria@edesoft.com,577.957.263-13,desenvolvedor python,15/03/1941
Nannie,Corabella,Nannie.Corabella@edesoft.com,687.811.915-45,estagiario,21/04/1939
Edee,Elo,Edee.Elo@edesoft.com,039.217.044-21,devops,12/01/1978
Kathi,Suanne,Kathi.Suanne@edesoft.com,543.062.029-76,eng. software,07/05/1989
Nita,Turne,Nita.Turne@edesoft.com,047.008.707-29,diretor,31/10/1949
Sibella,Johnsson,Sibella.Johnsson@edesoft.com,684.052.270-91,estagiario,04/02/1911
Heida,Hermes,Heida.Hermes@edesoft.com,763.708.233-41,eng. software,24/11/1947
Maisey,Jacobah,Maisey.Jacobah@edesoft.com,20.164.289/0001-91,gerente,17/10/1954
Melodie,Rossner,Melodie.Rossner@edesoft.com,262.172.632-11,dba,16/11/1957
Clementine,Gino,Clementine.Gino@edesoft.com,53.981.491/0001-65,gerente,08/05/1955
Clary,Lynn,Clary.Lynn@edesoft.com,078.884.391-52,estagiario,14/09/1955
Elbertina,Rustice,Elbertina.Rustice@edesoft.com,42.086.028/0001-33,gerente,14/02/1977
Dorice,Carlson,Dorice.Carlson@edesoft.com,51.739.414/0001-78,gerente,04/06/1908
Amelia,Shama,Amelia.Shama@edesoft.com,925.473.025-43,desenvolvedor python,14/12/1951
Mariele,Leopold,Mariele.Leopold@edesoft.com,141.933.010-10,eng. software,27/05/1952
Binny,Jena,Binny.Jena@edesoft.com,93.162.146/0001-14,estagiario,27/03/1965
Elsie,Burnside,Elsie.Burnside@edesoft.com,718.296.775-86,desenvolvedor python,20/02/1991
Lonnie,Chabot,Lonnie.Chabot@edesoft.com,52.261.994/0001-01,dba,17/05/1906
Annice,Stuart,Annice.Stuart@edesoft.com,48.884.711/0001-00,diretor,24/01/1957
Jenilee,Liebermann,Jenilee.Liebermann@edesoft.com,30.324.353/0001-08,desenvolvedor python,07/02/1994
Edee,Lanita,Edee.Lanita@edesoft.com,71.563.300/0001-27,devops,18/07/1960
Aimil,Nunci,Aimil.Nunci@edesoft.com,14.625.621/0001-75,estagiario,11/03/1986
Susan,Rosalba,Susan.Rosalba@edesoft.com,368.305.429-87,devops,13/01/1971
Babita,Gerge,Babita.Gerge@edesoft.com,113.041.390-00,dba,22/10/1949
Marleah,Aaberg,Marleah.Aaberg@edesoft.com,19.583.424/0001-54,devops,07/07/1937
Mamie,Seagraves,Mamie.Seagraves@edesoft.com,99.466.890/0001-99,gerente,27/12/2002
Fernande,Jaylene,Fernande.Jaylene@edesoft.com,21.673.318/0001-03,diretor,12/12/1960
Maud,My,Maud.My@edesoft.com,63.695.720/0001-39,diretor,17/07/1985
Cissiee,Olnee,Cissiee.Olnee@edesoft.com,104.503.314-66,diretor,19/10/1946
Beatriz,Maisey,Beatriz.Maisey@edesoft.com,39.716.124/0001-03,dba,29/08/1965
Kial,Irmine,Kial.Irmine@edesoft.com,955.407.681-91,gerente,11/03/1975
Sidoney,Vittoria,Sidoney.Vittoria@edesoft.com,000.913.074-81,estagiario,20/10/1927
Kimmy,Thar,Kimmy.Thar@edesoft.com,432.454.458-14,devops,05/04/1935
Chloris,Stover,Chloris.Stover@edesoft.com,955.789.085-19,dba,24/08/1918
Adelle,Nikaniki,Adelle.Nikaniki@edesoft.com,619.956.452-90,diretor,08/07/1967
Jordan,Standing,Jordan.Standing@edesoft.com,18.096.866/0001-03,dba,14/07/1988
Desirae,Bobbee,Desirae.Bobbee@edesoft.com,29.705.034/0001-63,estagiario,30/08/1902
Fanchon,Gordon,Fanchon.Gordon@edesoft.com,972.935.894-09,devops,01/06/1915
Vita,Geffner,Vita.Geffner@edesoft.com,82.325.158/0001-04,dba,08/09/2000
Madelle,Erskine,Madelle.Erskine@edesoft.com,853.068.103-73,devops,26/06/1909
Mara,Yorick,Mara.Yorick@edesoft.com,33.514.462/0001-86,eng. software,01/05/1996
Hettie,Lesley,Hettie.Lesley@edesoft.com,717.217.433-08,eng. software,06/05/1997
Eadie,Regan,Eadie.Regan@edesoft.com,421.512.738-65,gerente,27/12/1929
Lolita,Faria,Lolita.Faria@edesoft.com,090.667.735-10,gerente,12/09/1945
Sheree,Boehike,Sheree.Boehike@edesoft.com,23.082.588/0001-75,estagiario,12/09/1965
Selia,Paton,Selia.Paton@edesoft.com,90.192.711/0001-06,eng. software,09/05/1906
Tobe,Tufts,Tobe.Tufts@edesoft.com,471.808.144-07,estagiario,18/09/1924
Georgetta,Chobot,Georgetta.Chobot@edesoft.com,17.656.084/0001-19,estagiario,09/07/2000
Angelique,Wittie,Angelique.Wittie@edesoft.com,936.915.734-44,estagiario,13/12/1912
Clementine,Delila,Clementine.Delila@edesoft.com,387.440.349-11,dba,26/07/1976
Oona,Concha,Oona.Concha@edesoft.com,56.946.500/0001-75,diretor,21/02/1982
Kristan,Ovid,Kristan.Ovid@edesoft.com,931.237.823-60,dba,13/11/1937
Teddie,Lynn,Teddie.Lynn@edesoft.com,543.616.402-11,estagiario,13/07/1981
Gloria,Pillsbury,Gloria.Pillsbury@edesoft.com,64.150.528/0001-20,dba,22/12/2001
Jany,Calhoun,Jany.Calhoun@edesoft.com,25.348.250/0001-48,eng. software,29/05/1917
Roseline,Linskey,Roseline.Linskey@edesoft.com,877.432.022-08,diretor,01/04/1927
Nerta,Bonucci,Nerta.Bonucci@edesoft.com,831.171.416-93,desenvolvedor python,24/07/1969
Moyna,Lanita,Moyna.Lanita@edesoft.com,10.655.179/0001-79,devops,16/07/1901
Lynnea,Tannie,Lynnea.Tannie@edesoft.com,665.554.999-07,estagiario,29/04/1909
Tina,Merat,Tina.Merat@edesoft.com,85.713.594/0001-30,dba,12/11/1913
Elvira,Primalia,Elvira.Primalia@edesoft.com,633.022.025-55,desenvolvedor python,04/05/1917
Anica,Prouty,Anica.Prouty@edesoft.com,20.867.118/0001-29,diretor,22/02/1909
Joceline,Desai,Joceline.Desai@edesoft.com,789.746.633-76,desenvolvedor python,29/10/1971
Dorothy,Alwin,Dorothy.Alwin@edesoft.com,72.048.076/0001-06,desenvolvedor python,11/07/1964
Adriana,Huggins,Adriana.Huggins@edesoft.com,65.014.046/0001-05,diretor,14/06/1968
Luci,Hutchison,Luci.Hutchison@edesoft.com,730.038.640-76,desenvolvedor python,04/10/1960
Bibby,Mott,Bibby.Mott@edesoft.com,60.971.982/0001-90,estagiario,18/02/1911
Beth,Weinreb,Beth.Weinreb@edesoft.com,03.402.258/0001-02,dba,17/08/1967
Karina,Irmine,Karina.Irmine@edesoft.com,71.965.349/0001-06,desenvolvedor python,10/12/1963
Tori,Hanshaw,Tori.Hanshaw@edesoft.com,07.970.127/0001-82,diretor,20/09/1982
Fanchon,Heidt,Fanchon.Heidt@edesoft.com,28.274.752/0001-60,eng. software,04/05/1913
Kara-Lynn,Vanni,Kara-Lynn.Vanni@edesoft.com,80.769.672/0001-03,dba,02/07/1971
Brooks,Wooster,Brooks.Wooster@edesoft.com,204.527.997-91,dba,06/08/1980
Raf,Cottle,Raf.Cottle@edesoft.com,71.164.351/0001-86,dba,20/10/1938
Ezmeralda,Ammann,Ezmeralda.Ammann@edesoft.com,95.906.285/0001-30,dba,21/02/1911
Dianemarie,Drus,Dianemarie.Drus@edesoft.com,803.723.169-05,diretor,22/11/1946
Concettina,Mike,Concettina.Mike@edesoft.com,12.605.974/0001-88,desenvolvedor python,11/03/1972
Nyssa,Zetta,Nyssa.Zetta@edesoft.com,078.908.683-24,devops,28/10/1950
Sandie,Chandler,Sandie.Chandler@edesoft.com,38.455.558/0001-34,desenvolvedor python,24/08/1947
Trixi,Publia,Trixi.Publia@edesoft.com,66.865.266/0001-05,devops,06/07/1905
Madeleine,Creamer,Madeleine.Creamer@edesoft.com,27.014.400/0001-02,diretor,16/05/1913
Kore,Lareena,Kore.Lareena@edesoft.com,87.143.332/0001-03,diretor,16/12/1922
Inga,Bettine,Inga.Bettine@edesoft.com,04.346.224/0001-00,eng. software,13/08/1931
Cindelyn,Lilybelle,Cindelyn.Lilybelle@edesoft.com,148.805.313-83,diretor,05/06/1995
Suzette,Terrence,Suzette.Terrence@edesoft.com,37.191.289/0001-83,eng. software,13/08/1932
Iseabal,O'Rourke,Iseabal.O'Rourke@edesoft.com,445.976.124-67,gerente,06/11/1927
Edith,Ralfston,Edith.Ralfston@edesoft.com,09.533.421/0001-52,devops,21/01/1998
Johna,Corilla,Johna.Corilla@edesoft.com,379.744.360-93,desenvolvedor python,07/04/1953
Juliane,Colbert,Juliane.Colbert@edesoft.com,373.042.931-01,gerente,20/12/1999
Ardenia,Sheng,Ardenia.Sheng@edesoft.com,12.004.736/0001-17,desenvolvedor python,03/02/1935
Tiffie,Garek,Tiffie.Garek@edesoft.com,236.641.081-67,eng. software,26/01/1998
Paola,Fosque,Paola.Fosque@edesoft.com,39.783.306/0001-05,eng. software,11/10/1985
Dania,Noam,Dania.Noam@edesoft.com,809.217.609-49,devops,16/10/1990
Starla,Gwenore,Starla.Gwenore@edesoft.com,493.882.859-64,estagiario,29/12/1901
Ayn,Thad,Ayn.Thad@edesoft.com,354.541.424-84,diretor,25/02/1953
Barbi,Dominy,Barbi.Dominy@edesoft.com,178.472.956-60,gerente,24/10/1950
Calla,Elbertina,Calla.Elbertina@edesoft.com,01.671.128/0001-40,dba,02/11/1929
Jacquetta,Stanwood,Jacquetta.Stanwood@edesoft.com,71.043.449/0001-85,gerente,27/05/1991
Sean,Hachmin,Sean.Hachmin@edesoft.com,71.002.577/0001-80,devops,31/01/1952
Tilly,Gower,Tilly.Gower@edesoft.com,513.693.344-51,desenvolvedor python,27/05/1966
Orsola,Sharl,Orsola.Sharl@edesoft.com,054.106.728-10,gerente,13/08/1913
Kerrin,Seessel,Kerrin.Seessel@edesoft.com,561.909.256-93,estagiario,11/04/1944
June,Craggie,June.Craggie@edesoft.com,763.615.030-11,dba,27/11/1940
Perry,Brenn,Perry.Brenn@edesoft.com,901.469.734-10,gerente,30/05/1987
Belinda,Terencio,Belinda.Terencio@edesoft.com,595.454.962-15,gerente,20/02/1956
Madalyn,Santoro,Madalyn.Santoro@edesoft.com,325.824.260-75,eng. software,01/12/1963
Codie,Stephie,Codie.Stephie@edesoft.com,648.133.981-20,desenvolvedor python,08/11/1971
Lory,Hurley,Lory.Hurley@edesoft.com,529.566.077-07,devops,11/12/1918
Clo,Delila,Clo.Delila@edesoft.com,20.501.867/0001-38,devops,22/10/1960
Rayna,Carbo,Rayna.Carbo@edesoft.com,90.126.412/0001-65,estagiario,23/06/1983
Kara-Lynn,Alabaster,Kara-Lynn.Alabaster@edesoft.com,783.288.341-38,estagiario,15/02/1912
Lila,Gunn,Lila.Gunn@edesoft.com,938.663.857-65,estagiario,23/01/1985
Kial,Juliet,Kial.Juliet@edesoft.com,89.359.754/0001-46,desenvolvedor python,26/01/1930
Roslyn,Papageno,Roslyn.Papageno@edesoft.com,643.611.455-63,devops,14/09/1956
Vinita,Colbert,Vinita.Colbert@edesoft.com,259.211.525-01,gerente,10/05/1979
Rani,Mott,Rani.Mott@edesoft.com,804.266.142-83,estagiario,06/06/2002
Kara-Lynn,Sundin,Kara-Lynn.Sundin@edesoft.com,047.185.085-33,devops,05/12/1937
Randa,Brandice,Randa.Brandice@edesoft.com,61.856.534/0001-09,devops,21/08/1984
Neila,Dowski,Neila.Dowski@edesoft.com,45.450.546/0001-82,estagiario,25/04/1904
Nickie,Gunn,Nickie.Gunn@edesoft.com,117.216.592-00,diretor,21/12/1985
Lila,Sprage,Lila.Sprage@edesoft.com,63.287.935/0001-10,eng. software,29/12/1970
Eve,Si,Eve.Si@edesoft.com,52.408.176/0001-80,dba,31/03/1920
Alia,Emanuel,Alia.Emanuel@edesoft.com,87.807.930/0001-30,estagiario,21/01/1972
Alexine,Mendez,Alexine.Mendez@edesoft.com,73.473.915/0001-98,estagiario,07/04/1906
Julieta,Rolf,Julieta.Rolf@edesoft.com,02.818.560/0001-83,estagiario,23/05/1908
Pamella,Reidar,Pamella.Reidar@edesoft.com,50.774.221/0001-95,diretor,11/11/1997
Modestia,Belanger,Modestia.Belanger@edesoft.com,218.016.410-64,devops,07/03/1988
Rivalee,Silvan,Rivalee.Silvan@edesoft.com,829.343.314-07,diretor,13/02/1989
Damaris,Love,Damaris.Love@edesoft.com,011.425.867-82,gerente,25/08/1910
Danny,Chobot,Danny.Chobot@edesoft.com,08.904.522/0001-20,dba,30/07/1984
Phedra,Felecia,Phedra.Felecia@edesoft.com,174.191.486-86,estagiario,13/10/1985
Anestassia,Natalia,Anestassia.Natalia@edesoft.com,957.272.965-95,devops,24/11/1926
Belva,Jacqui,Belva.Jacqui@edesoft.com,266.336.630-72,gerente,26/01/1990
Rhoda,Hoenack,Rhoda.Hoenack@edesoft.com,56.701.028/0001-00,gerente,19/10/1991
Anestassia,Ivens,Anestassia.Ivens@edesoft.com,97.503.434/0001-46,desenvolvedor python,15/05/1905
Lucy,Flyn,Lucy.Flyn@edesoft.com,31.781.307/0001-09,diretor,22/02/1921
Mariann,Bibi,Mariann.Bibi@edesoft.com,116.606.603-78,estagiario,06/08/1906
Nessie,Urania,Nessie.Urania@edesoft.com,19.738.590/0001-82,desenvolvedor python,04/11/1907
Fina,Camden,Fina.Camden@edesoft.com,428.660.084-05,gerente,08/08/1937
Petronia,Podvin,Petronia.Podvin@edesoft.com,650.756.988-75,dba,24/06/1967
Thalia,Kathie,Thalia.Kathie@edesoft.com,324.846.966-80,dba,28/08/1936
Arlina,Albertine,Arlina.Albertine@edesoft.com,00.520.615/0001-49,gerente,12/05/1981
Isa,Ammann,Isa.Ammann@edesoft.com,315.247.258-70,estagiario,21/11/1993
Jillayne,Kenwood,Jillayne.Kenwood@edesoft.com,741.163.295-33,gerente,22/12/1991
Lorie,Sasnett,Lorie.Sasnett@edesoft.com,68.831.716/0001-74,eng. software,03/02/1974
Katleen,Tomasina,Katleen.Tomasina@edesoft.com,105.213.891-86,dba,13/07/1975
Bernardine,Japeth,Bernardine.Japeth@edesoft.com,35.032.910/0001-30,estagiario,24/04/1987
Ezmeralda,Joachim,Ezmeralda.Joachim@edesoft.com,416.304.115-07,diretor,27/12/1959
Andree,Strephon,Andree.Strephon@edesoft.com,061.265.496-60,eng. software,20/03/1992
Josephine,Sprage,Josephine.Sprage@edesoft.com,514.369.398-52,desenvolvedor python,05/07/1948
Cathie,Chabot,Cathie.Chabot@edesoft.com,75.664.823/0001-10,desenvolvedor python,02/11/1943
Genovera,Manolo,Genovera.Manolo@edesoft.com,242.272.471-01,gerente,03/02/1924
Doro,Shirberg,Doro.Shirberg@edesoft.com,049.231.428-47,dba,04/11/1994
Mariele,Auberbach,Mariele.Auberbach@edesoft.com,30.769.168/0001-27,diretor,03/03/1981
Tiffie,Wandie,Tiffie.Wandie@edesoft.com,652.402.959-30,diretor,20/04/1904
Joelly,Stav,Joelly.Stav@edesoft.com,70.994.336/0001-00,eng. software,11/07/1915
Mariann,Natica,Mariann.Natica@edesoft.com,882.806.514-11,estagiario,16/03/1905
Elvira,Magdalen,Elvira.Magdalen@edesoft.com,74.025.286/0001-04,devops,03/09/1924
Gisela,Kussell,Gisela.Kussell@edesoft.com,095.337.798-96,desenvolvedor python,16/12/1902
Tracey,Vins,Tracey.Vins@edesoft.com,515.681.446-87,estagiario,04/05/1987
Elora,Warthman,Elora.Warthman@edesoft.com,60.776.557/0001-40,diretor,21/09/1976
Nananne,Zenas,Nananne.Zenas@edesoft.com,572.075.254-43,eng. software,07/02/1942
Marylou,Zeeba,Marylou.Zeeba@edesoft.com,993.619.481-05,estagiario,20/10/1956
Leanna,Minetta,Leanna.Minetta@edesoft.com,017.465.375-15,eng. software,21/10/1965
Lacie,Candy,Lacie.Candy@edesoft.com,36.148.545/0001-97,dba,10/03/1929
Siana,Read,Siana.Read@edesoft.com,352.834.925-59,diretor,07/03/1990
Corina,Yerkovich,Corina.Yerkovich@edesoft.com,030.309.008-19,diretor,18/10/1917
Jenilee,Mott,Jenilee.Mott@edesoft.com,772.749.175-60,devops,01/03/1999
Di,Truc,Di.Truc@edesoft.com,16.083.751/0001-59,estagiario,30/12/1983
Elyssa,Dawkins,Elyssa.Dawkins@edesoft.com,58.543.078/0001-32,estagiario,13/09/1941
Modestia,Sherfield,Modestia.Sherfield@edesoft.com,243.639.349-48,eng. software,31/05/1935
Barbi,Maiah,Barbi.Maiah@edesoft.com,529.644.494-90,desenvolvedor python,27/12/1913
Rani,Faro,Rani.Faro@edesoft.com,06.170.226/0001-17,estagiario,13/11/1964
Wendi,Brenn,Wendi.Brenn@edesoft.com,24.841.927/0001-12,estagiario,16/05/1935
Cam,Turne,Cam.Turne@edesoft.com,585.593.434-90,diretor,22/05/1952
Aryn,Klemperer,Aryn.Klemperer@edesoft.com,35.719.720/0001-96,dba,18/12/1915
Myriam,Maxi,Myriam.Maxi@edesoft.com,461.835.929-35,estagiario,19/10/1937
Carilyn,Alva,Carilyn.Alva@edesoft.com,03.209.478/0001-14,dba,25/03/1988
Dania,Morehouse,Dania.Morehouse@edesoft.com,434.549.523-79,diretor,10/07/1964
Tarra,Albertine,Tarra.Albertine@edesoft.com,762.138.234-17,dba,23/08/1986
Charissa,Weide,Charissa.Weide@edesoft.com,735.221.024-52,desenvolvedor python,08/11/1969
Caressa,Zrike,Caressa.Zrike@edesoft.com,35.349.168/0001-91,gerente,15/01/1963
Vita,Bibi,Vita.Bibi@edesoft.com,791.011.789-20,desenvolvedor python,22/12/1983
Natka,Cadmar,Natka.Cadmar@edesoft.com,378.079.645-70,eng. software,22/05/1900
Marinna,Wittie,Marinna.Wittie@edesoft.com,028.910.655-90,estagiario,06/08/1973
Rhoda,Malanie,Rhoda.Malanie@edesoft.com,86.600.098/0001-33,diretor,31/08/1991
Rosene,Lemuela,Rosene.Lemuela@edesoft.com,378.269.481-34,estagiario,16/02/1942
Charissa,Gaal,Charissa.Gaal@edesoft.com,06.272.329/0001-98,estagiario,18/01/1923
Charmaine,Alexandr,Charmaine.Alexandr@edesoft.com,00.958.072/0001-46,eng. software,19/06/1935
Bernardine,Schonfeld,Bernardine.Schonfeld@edesoft.com,154.447.124-66,eng. software,25/01/1938
Flo,Astra,Flo.Astra@edesoft.com,45.741.561/0001-80,gerente,09/09/2000
Pamella,Boycey,Pamella.Boycey@edesoft.com,72.089.462/0001-38,devops,01/08/1959
Ofilia,Odell,Ofilia.Odell@edesoft.com,70.248.241/0001-30,devops,31/12/1992
Luci,Etom,Luci.Etom@edesoft.com,622.566.059-30,eng. software,10/09/1983
Trixi,Claudine,Trixi.Claudine@edesoft.com,12.435.523/0001-40,eng. software,29/05/1979
Pamella,Montgomery,Pamella.Montgomery@edesoft.com,56.035.926/0001-77,diretor,28/01/1999
Joceline,Isidore,Joceline.Isidore@edesoft.com,648.556.235-47,gerente,02/11/1900
Dulce,Sandye,Dulce.Sandye@edesoft.com,926.773.558-68,desenvolvedor python,03/08/1910
Robinia,Newell,Robinia.Newell@edesoft.com,58.120.822/0001-96,estagiario,23/02/1952
Elmira,Clara,Elmira.Clara@edesoft.com,81.733.911/0001-20,gerente,02/04/1961
Glenda,Zeeba,Glenda.Zeeba@edesoft.com,650.886.934-51,estagiario,16/10/2001
Vanessa,Burch,Vanessa.Burch@edesoft.com,92.706.960/0001-90,eng. software,14/12/1928
Leeanne,Miru,Leeanne.Miru@edesoft.com,639.715.515-30,diretor,27/10/1920
Veda,Maxi,Veda.Maxi@edesoft.com,510.063.886-99,desenvolvedor python,22/09/1942
Maryellen,Erb,Maryellen.Erb@edesoft.com,62.968.446/0001-61,gerente,06/11/1972
Larine,Eno,Larine.Eno@edesoft.com,38.695.712/0001-45,dba,08/12/1905
Sadie,Vivle,Sadie.Vivle@edesoft.com,00.020.431/0001-10,diretor,04/06/2000
Tilly,Kunin,Tilly.Kunin@edesoft.com,562.685.998-53,estagiario,13/02/1921
Tabbatha,Revkah,Tabbatha.Revkah@edesoft.com,790.444.060-19,eng. software,07/02/2002
Cherilyn,Angelis,Cherilyn.Angelis@edesoft.com,40.231.352/0001-72,diretor,28/04/2001
Etta,Freddi,Etta.Freddi@edesoft.com,66.832.925/0001-07,desenvolvedor python,08/11/1922
Brietta,Connelly,Brietta.Connelly@edesoft.com,86.123.429/0001-91,desenvolvedor python,08/04/1979
Addia,Randene,Addia.Randene@edesoft.com,791.213.597-92,devops,20/09/1971
Brooks,Zrike,Brooks.Zrike@edesoft.com,45.702.059/0001-60,eng. software,11/05/1960
Jackie,Arathorn,Jackie.Arathorn@edesoft.com,622.580.797-72,dba,26/01/1987
Nita,Weinreb,Nita.Weinreb@edesoft.com,329.404.279-50,eng. software,18/02/1937
Rosanne,Joni,Rosanne.Joni@edesoft.com,421.603.047-51,desenvolvedor python,25/06/1963
Jany,Atcliffe,Jany.Atcliffe@edesoft.com,978.352.095-43,eng. software,07/02/1969
Gui,Margret,Gui.Margret@edesoft.com,18.625.660/0001-23,devops,31/03/1917
Alleen,Kristi,Alleen.Kristi@edesoft.com,501.443.769-97,dba,21/01/1947
Kamilah,Cutlerr,Kamilah.Cutlerr@edesoft.com,435.657.543-11,eng. software,28/09/1952
Marcelline,Dituri,Marcelline.Dituri@edesoft.com,10.577.585/0001-60,eng. software,15/10/1991
Annora,Rurik,Annora.Rurik@edesoft.com,272.118.996-46,estagiario,21/11/1988
Bertine,Saree,Bertine.Saree@edesoft.com,04.320.037/0001-58,dba,16/08/1932
Madeleine,Vanni,Madeleine.Vanni@edesoft.com,09.088.279/0001-81,devops,19/12/1931
Roz,Desai,Roz.Desai@edesoft.com,01.419.431/0001-50,diretor,15/11/1976
Rosabelle,Couture,Rosabelle.Couture@edesoft.com,65.923.834/0001-14,estagiario,12/01/1979
Marline,Nester,Marline.Nester@edesoft.com,70.291.135/0001-39,diretor,11/12/1918
Monika,Old,Monika.Old@edesoft.com,82.668.193/0001-18,dba,17/09/1982
Emelina,Lynn,Emelina.Lynn@edesoft.com,17.962.842/0001-27,estagiario,04/05/1953
Joleen,Trace,Joleen.Trace@edesoft.com,040.956.902-08,gerente,04/07/1966
Dede,Melan,Dede.Melan@edesoft.com,212.042.859-00,dba,26/05/1945
Sonni,Francene,Sonni.Francene@edesoft.com,627.175.789-86,dba,18/07/1934
Lynde,Campball,Lynde.Campball@edesoft.com,31.725.261/0001-00,estagiario,23/02/1925
Ninnetta,Baylor,Ninnetta.Baylor@edesoft.com,16.500.438/0001-79,gerente,21/09/1972
Thalia,Gregrory,Thalia.Gregrory@edesoft.com,80.018.925/0001-07,dba,30/04/1979
Sara-Ann,Capello,Sara-Ann.Capello@edesoft.com,711.677.934-55,desenvolvedor python,08/03/1972
Arabel,Lemuela,Arabel.Lemuela@edesoft.com,77.986.459/0001-30,gerente,10/12/1955
Marti,Joseph,Marti.Joseph@edesoft.com,015.908.994-82,eng. software,13/08/1988
Robbi,Autrey,Robbi.Autrey@edesoft.com,41.296.881/0001-17,dba,11/09/1980
Orelia,Nikaniki,Orelia.Nikaniki@edesoft.com,384.762.144-05,eng. software,25/06/1954
Libbie,Seessel,Libbie.Seessel@edesoft.com,660.747.386-53,gerente,16/11/1991
Gwyneth,Meter,Gwyneth.Meter@edesoft.com,230.651.942-01,dba,22/01/1961
Ivett,Pearse,Ivett.Pearse@edesoft.com,96.550.064/0001-35,gerente,13/11/1993
Carmela,Emmy,Carmela.Emmy@edesoft.com,63.009.458/0001-21,eng. software,25/07/1976
Rosanne,McAdams,Rosanne.McAdams@edesoft.com,125.195.866-48,dba,16/12/1970
Fayre,Masao,Fayre.Masao@edesoft.com,43.241.664/0001-55,eng. software,10/11/1919
Frances,Miru,Frances.Miru@edesoft.com,02.870.317/0001-04,gerente,28/02/1919
Corene,Morehouse,Corene.Morehouse@edesoft.com,58.461.878/0001-04,dba,08/02/1936
Caressa,Shelba,Caressa.Shelba@edesoft.com,90.400.944/0001-49,diretor,19/10/1986
Genovera,Eno,Genovera.Eno@edesoft.com,24.162.986/0001-64,gerente,23/10/1941
Carolina,Wooster,Carolina.Wooster@edesoft.com,05.937.984/0001-55,estagiario,26/02/1926
Gusella,Korey,Gusella.Korey@edesoft.com,16.367.212/0001-41,dba,15/08/1995
Dale,Gerge,Dale.Gerge@edesoft.com,154.628.091-07,dba,29/11/1917
Corina,Dosia,Corina.Dosia@edesoft.com,203.050.725-36,estagiario,29/03/1926
Maryellen,Dudley,Maryellen.Dudley@edesoft.com,371.268.872-56,desenvolvedor python,29/05/1979
Kylynn,Darrell,Kylynn.Darrell@edesoft.com,32.427.310/0001-83,diretor,15/11/1960
Gusella,Autrey,Gusella.Autrey@edesoft.com,719.528.217-11,estagiario,27/08/1916
Raina,Susannah,Raina.Susannah@edesoft.com,86.945.762/0001-86,dba,27/01/1998
Ricky,Kirbee,Ricky.Kirbee@edesoft.com,74.065.089/0001-00,estagiario,16/08/1942
Larine,Skurnik,Larine.Skurnik@edesoft.com,26.383.785/0001-12,eng. software,18/03/1968
Henriette,Chandler,Henriette.Chandler@edesoft.com,614.941.513-91,desenvolvedor python,13/02/1960
Tamqrah,Natalia,Tamqrah.Natalia@edesoft.com,67.738.888/0001-35,estagiario,17/05/1905
Winny,Mata,Winny.Mata@edesoft.com,825.801.958-90,desenvolvedor python,17/07/1999
Sashenka,Ralfston,Sashenka.Ralfston@edesoft.com,59.462.372/0001-82,dba,12/10/1937
Lorne,Braun,Lorne.Braun@edesoft.com,97.532.822/0001-55,gerente,23/09/1931
Jillayne,Moseley,Jillayne.Moseley@edesoft.com,992.970.278-49,devops,06/10/1915
Dale,Rad,Dale.Rad@edesoft.com,159.356.567-44,dba,04/08/1938
Genovera,Vary,Genovera.Vary@edesoft.com,482.222.284-55,desenvolvedor python,01/10/1911
Ada,Rebecka,Ada.Rebecka@edesoft.com,95.056.971/0001-60,desenvolvedor python,25/02/1922
Melodie,Sheng,Melodie.Sheng@edesoft.com,32.916.596/0001-60,gerente,12/09/1941
Emilia,Strephon,Emilia.Strephon@edesoft.com,60.999.511/0001-90,estagiario,20/03/1983
Perry,Cyrie,Perry.Cyrie@edesoft.com,631.041.125-09,estagiario,19/09/2003
Bill,Ricarda,Bill.Ricarda@edesoft.com,242.568.992-35,dba,06/04/1958
Bettine,Hachmin,Bettine.Hachmin@edesoft.com,107.170.005-75,dba,24/02/1960
Alameda,Lorain,Alameda.Lorain@edesoft.com,168.202.508-00,devops,05/09/1969
Nannie,Kravits,Nannie.Kravits@edesoft.com,71.735.106/0001-81,estagiario,04/10/1919
Gisela,Isacco,Gisela.Isacco@edesoft.com,57.342.297/0001-90,eng. software,27/09/1960
Zsa Zsa,Schwejda,Zsa Zsa.Schwejda@edesoft.com,194.567.508-09,estagiario,20/07/1983
Aili,Shaddock,Aili.Shaddock@edesoft.com,63.566.137/0001-28,devops,14/10/1900
Sarette,Prober,Sarette.Prober@edesoft.com,67.589.789/0001-39,estagiario,04/04/1949
Sandie,Romelda,Sandie.Romelda@edesoft.com,95.705.972/0001-98,dba,18/08/1917
Lynea,Adalbert,Lynea.Adalbert@edesoft.com,312.367.355-36,desenvolvedor python,15/05/1931
Netty,Cath,Netty.Cath@edesoft.com,324.297.505-70,eng. software,05/06/1916
Taffy,Joeann,Taffy.Joeann@edesoft.com,291.837.271-40,eng. software,20/08/1947
Consuela,Bonilla,Consuela.Bonilla@edesoft.com,856.484.115-02,estagiario,28/03/1939
Kimberley,Pacorro,Kimberley.Pacorro@edesoft.com,71.521.743/0001-55,diretor,04/01/1906
Donetta,Bluh,Donetta.Bluh@edesoft.com,89.553.795/0001-79,gerente,29/11/1977
Hollie,Socha,Hollie.Socha@edesoft.com,94.454.304/0001-72,eng. software,03/07/1938
Jacenta,Dahlia,Jacenta.Dahlia@edesoft.com,73.231.156/0001-57,gerente,18/08/1973
Madalyn,Quent,Madalyn.Quent@edesoft.com,03.465.739/0001-67,diretor,03/07/1951
Reeba,Janene,Reeba.Janene@edesoft.com,192.855.074-68,desenvolvedor python,25/10/1984
Imojean,Grosz,Imojean.Grosz@edesoft.com,79.544.520/0001-15,dba,31/07/1945
Wendi,Decato,Wendi.Decato@edesoft.com,023.310.012-19,estagiario,30/08/1904
Alyssa,Emmaline,Alyssa.Emmaline@edesoft.com,53.545.863/0001-00,gerente,24/07/1911
Tina,Tayib,Tina.Tayib@edesoft.com,70.863.926/0001-96,dba,25/12/1961
Nananne,Fry,Nananne.Fry@edesoft.com,05.344.591/0001-38,desenvolvedor python,24/11/2003
Orelia,Brian,Orelia.Brian@edesoft.com,601.745.201-07,devops,13/03/1946
Amii,Sigfrid,Amii.Sigfrid@edesoft.com,68.643.511/0001-65,estagiario,29/08/1931
Emelina,Helve,Emelina.Helve@edesoft.com,000.396.917-72,desenvolvedor python,19/08/1991
Corina,Medrek,Corina.Medrek@edesoft.com,92.583.400/0001-95,desenvolvedor python,07/11/1975
Kaja,Soneson,Kaja.Soneson@edesoft.com,71.549.243/0001-21,diretor,17/08/1951
Halette,Si,Halette.Si@edesoft.com,49.991.905/0001-60,gerente,11/12/1908
Cecile,Adamsen,Cecile.Adamsen@edesoft.com,06.648.245/0001-06,dba,05/07/1967
Daune,Dreda,Daune.Dreda@edesoft.com,200.177.509-11,estagiario,16/08/1936
Almeta,Constancy,Almeta.Constancy@edesoft.com,429.012.769-03,desenvolvedor python,11/10/1923
Lindie,Lasley,Lindie.Lasley@edesoft.com,486.409.139-00,desenvolvedor python,07/12/1996
Yolane,Bettine,Yolane.Bettine@edesoft.com,416.563.676-29,eng. software,22/11/1950
Sybille,Hilbert,Sybille.Hilbert@edesoft.com,93.874.790/0001-15,estagiario,27/05/1936
Elvira,Pernick,Elvira.Pernick@edesoft.com,970.274.252-89,diretor,19/09/1945
Carlie,Simmonds,Carlie.Simmonds@edesoft.com,482.201.700-18,diretor,27/02/1993
Jinny,Hylan,Jinny.Hylan@edesoft.com,62.979.719/0001-73,dba,24/10/1960
Pearline,Wu,Pearline.Wu@edesoft.com,764.008.479-28,diretor,22/04/1914
Leeanne,Whittaker,Leeanne.Whittaker@edesoft.com,07.724.615/0001-00,diretor,06/09/1994
Raina,Mayeda,Raina.Mayeda@edesoft.com,657.120.363-47,estagiario,13/07/1931
Orelia,Raimondo,Orelia.Raimondo@edesoft.com,877.765.843-47,gerente,09/03/1937
Dagmar,Woodberry,Dagmar.Woodberry@edesoft.com,97.097.262/0001-58,devops,22/10/1992
Jordan,Dawkins,Jordan.Dawkins@edesoft.com,82.513.388/0001-99,diretor,01/02/1911
Kylynn,Sperling,Kylynn.Sperling@edesoft.com,468.529.236-73,dba,25/02/1993
Amii,Ferrell,Amii.Ferrell@edesoft.com,883.962.989-04,diretor,06/09/1929
Dulcinea,Salvidor,Dulcinea.Salvidor@edesoft.com,176.768.244-19,eng. software,01/03/1933
Aryn,Zola,Aryn.Zola@edesoft.com,720.577.214-18,dba,15/09/1938
Chastity,Henrie,Chastity.Henrie@edesoft.com,609.847.164-91,estagiario,04/06/1936
Dominga,Keily,Dominga.Keily@edesoft.com,17.362.431/0001-09,estagiario,02/02/1917
Alameda,Felizio,Alameda.Felizio@edesoft.com,225.011.222-32,dba,26/10/1989
Lauryn,Alice,Lauryn.Alice@edesoft.com,953.846.572-51,desenvolvedor python,27/08/1947
Arlena,Gaulin,Arlena.Gaulin@edesoft.com,591.411.206-04,dba,04/01/1958
Marjie,Medrek,Marjie.Medrek@edesoft.com,743.077.920-41,eng. software,16/05/1921
Cristine,Melan,Cristine.Melan@edesoft.com,31.941.441/0001-11,eng. software,30/04/1916
Sarette,Stacy,Sarette.Stacy@edesoft.com,540.095.023-04,estagiario,08/02/1983
Tracey,Plato,Tracey.Plato@edesoft.com,278.862.336-46,diretor,27/08/1955
Basia,Abernon,Basia.Abernon@edesoft.com,81.909.667/0001-03,dba,23/12/1936
Lusa,Devlen,Lusa.Devlen@edesoft.com,05.188.469/0001-10,estagiario,01/08/1986
Dulcinea,Olympium,Dulcinea.Olympium@edesoft.com,296.120.573-54,desenvolvedor python,25/07/1908
Georgetta,Wenda,Georgetta.Wenda@edesoft.com,360.208.907-08,dba,26/03/1950
Jere,Isidore,Jere.Isidore@edesoft.com,753.442.001-61,dba,31/01/1963
Moyna,Amasa,Moyna.Amasa@edesoft.com,462.473.570-60,dba,20/07/1978
Brynna,Bonilla,Brynna.Bonilla@edesoft.com,125.238.472-64,devops,25/01/1923
Kayla,Stilwell,Kayla.Stilwell@edesoft.com,11.256.328/0001-90,diretor,20/09/1999
Joy,Ranjiv,Joy.Ranjiv@edesoft.com,85.053.271/0001-68,estagiario,23/05/1905
Ardenia,Chauncey,Ardenia.Chauncey@edesoft.com,456.324.245-45,estagiario,17/04/1959
Ivett,Verger,Ivett.Verger@edesoft.com,94.776.712/0001-40,desenvolvedor python,31/03/1946
Addia,Remmer,Addia.Remmer@edesoft.com,03.897.205/0001-00,dba,28/11/1987
Hope,Morehouse,Hope.Morehouse@edesoft.com,939.837.258-48,devops,21/08/1979
Amalie,Marisa,Amalie.Marisa@edesoft.com,92.534.541/0001-18,diretor,09/06/1923
Katuscha,Buttaro,Katuscha.Buttaro@edesoft.com,339.842.222-54,estagiario,25/05/1917
Sheree,Amasa,Sheree.Amasa@edesoft.com,518.623.227-08,eng. software,23/12/1979
Norine,Madelene,Norine.Madelene@edesoft.com,084.878.791-95,gerente,02/07/1947
Jerry,Janene,Jerry.Janene@edesoft.com,127.316.800-32,gerente,19/12/1919
Juliane,Karna,Juliane.Karna@edesoft.com,97.452.795/0001-00,desenvolvedor python,06/09/1901
Winny,Alva,Winny.Alva@edesoft.com,04.153.649/0001-01,estagiario,08/01/1985
Rhea,Waite,Rhea.Waite@edesoft.com,310.585.292-18,devops,01/10/1911
Nikki,Zeeba,Nikki.Zeeba@edesoft.com,192.602.950-09,diretor,03/08/1926
Raina,Grosz,Raina.Grosz@edesoft.com,14.094.204/0001-43,estagiario,25/10/1975
Jessamyn,Kirbee,Jessamyn.Kirbee@edesoft.com,75.941.722/0001-40,eng. software,10/10/1963
Atlanta,Duwalt,Atlanta.Duwalt@edesoft.com,914.848.097-50,desenvolvedor python,13/03/1933
Kayla,Izaak,Kayla.Izaak@edesoft.com,418.134.926-89,devops,15/09/1996
Annice,Mandler,Annice.Mandler@edesoft.com,991.872.086-79,estagiario,22/01/1933
Karina,Pelagias,Karina.Pelagias@edesoft.com,248.370.351-83,desenvolvedor python,24/10/1950
Sam,Shanley,Sam.Shanley@edesoft.com,28.767.918/0001-80,devops,20/04/1974
Modestia,Donell,Modestia.Donell@edesoft.com,88.594.981/0001-93,gerente,30/07/1975
Myriam,Lowry,Myriam.Lowry@edesoft.com,511.879.742-00,eng. software,05/04/1962
Lacie,Gabrielli,Lacie.Gabrielli@edesoft.com,116.011.852-35,gerente,24/04/1950
Roslyn,Lewes,Roslyn.Lewes@edesoft.com,53.273.928/0001-06,eng. software,21/10/1934
Marcelline,McLaughlin,Marcelline.McLaughlin@edesoft.com,118.459.333-70,desenvolvedor python,16/08/1914
Rochette,Maisey,Rochette.Maisey@edesoft.com,071.113.507-07,diretor,05/05/1926
Stacey,Bobbee,Stacey.Bobbee@edesoft.com,572.989.832-02,gerente,26/02/1963
Kellen,Ferino,Kellen.Ferino@edesoft.com,17.121.917/0001-47,diretor,24/10/1941
Rosanne,Cornelia,Rosanne.Cornelia@edesoft.com,43.709.511/0001-90,estagiario,26/11/1932
Dawn,Margret,Dawn.Margret@edesoft.com,63.321.725/0001-00,desenvolvedor python,05/12/1947
Celestyna,Lorain,Celestyna.Lorain@edesoft.com,93.382.560/0001-39,diretor,09/10/1911
Marleah,Karna,Marleah.Karna@edesoft.com,89.429.157/0001-40,estagiario,08/10/1965
Deloria,Phaidra,Deloria.Phaidra@edesoft.com,18.407.281/0001-67,dba,26/08/1933
Adele,Evvie,Adele.Evvie@edesoft.com,02.936.511/0001-45,gerente,10/06/1916
Nanete,Dorothy,Nanete.Dorothy@edesoft.com,885.405.066-02,devops,03/05/1919
Gale,Billye,Gale.Billye@edesoft.com,75.199.177/0001-68,diretor,03/08/1970
Bobinette,Riva,Bobinette.Riva@edesoft.com,71.829.661/0001-72,devops,19/06/2000
Merrie,Carbo,Merrie.Carbo@edesoft.com,123.493.367-51,eng. software,09/12/1973
Ayn,Damarra,Ayn.Damarra@edesoft.com,92.522.395/0001-00,dba,31/01/1912
Caryl,Faro,Caryl.Faro@edesoft.com,326.749.485-07,estagiario,16/04/1942
Hannis,Lindemann,Hannis.Lindemann@edesoft.com,95.087.923/0001-39,desenvolvedor python,31/12/1971
Belva,Bibi,Belva.Bibi@edesoft.com,73.837.522/0001-16,diretor,25/09/1934
Sashenka,Elo,Sashenka.Elo@edesoft.com,108.407.634-92,eng. software,20/09/1914
Dorene,Telfer,Dorene.Telfer@edesoft.com,25.746.650/0001-01,desenvolvedor python,02/05/1924
Renae,Toni,Renae.Toni@edesoft.com,304.135.806-95,estagiario,24/08/1942
Paulita,Lipson,Paulita.Lipson@edesoft.com,096.213.238-19,gerente,08/11/1978
Marline,Rosalba,Marline.Rosalba@edesoft.com,508.208.793-20,estagiario,25/08/2003
Selma,Gaulin,Selma.Gaulin@edesoft.com,16.975.799/0001-71,eng. software,10/10/1998
Bettine,Ovid,Bettine.Ovid@edesoft.com,21.308.331/0001-63,estagiario,29/09/1940
Chrystel,Annabella,Chrystel.Annabella@edesoft.com,804.822.511-58,eng. software,07/07/1917
Agathe,Isidore,Agathe.Isidore@edesoft.com,64.202.541/0001-85,diretor,09/11/1946
Vanessa,Lenny,Vanessa.Lenny@edesoft.com,58.942.376/0001-03,devops,26/11/1986
Pollyanna,Odell,Pollyanna.Odell@edesoft.com,829.349.592-87,estagiario,09/05/1932
Randa,Jagir,Randa.Jagir@edesoft.com,333.911.324-69,eng. software,12/02/1947
Alexine,Jaylene,Alexine.Jaylene@edesoft.com,718.375.013-27,estagiario,27/07/1982
Demetris,Lynn,Demetris.Lynn@edesoft.com,460.769.960-80,diretor,15/08/1916
Andree,Isidore,Andree.Isidore@edesoft.com,82.050.517/0001-50,devops,21/06/1926
Lynnea,Gunn,Lynnea.Gunn@edesoft.com,49.994.949/0001-43,estagiario,12/02/1955
Joane,Schwejda,Joane.Schwejda@edesoft.com,81.942.218/0001-67,estagiario,11/04/1953
Olwen,Japeth,Olwen.Japeth@edesoft.com,77.393.803/0001-88,desenvolvedor python,25/03/1919
Margalo,Engdahl,Margalo.Engdahl@edesoft.com,967.394.083-51,desenvolvedor python,18/02/1992
Winny,Katrine,Winny.Katrine@edesoft.com,84.418.365/0001-20,devops,21/03/1994
Joceline,Corilla,Joceline.Corilla@edesoft.com,210.398.467-69,dba,30/10/1978
Dolli,Papageno,Dolli.Papageno@edesoft.com,270.679.234-50,diretor,14/04/1909
Berta,Mich,Berta.Mich@edesoft.com,311.330.429-61,eng. software,01/09/1963
Phylis,Concha,Phylis.Concha@edesoft.com,62.780.136/0001-19,dba,07/09/1932
Adriana,Haerr,Adriana.Haerr@edesoft.com,43.218.444/0001-00,gerente,22/03/1999
Tera,Estella,Tera.Estella@edesoft.com,73.699.595/0001-99,gerente,27/02/1945
Nickie,Celestine,Nickie.Celestine@edesoft.com,082.333.595-05,dba,12/02/1908
Minne,Tice,Minne.Tice@edesoft.com,46.300.868/0001-08,desenvolvedor python,12/05/1922
Maurene,Palocz,Maurene.Palocz@edesoft.com,72.871.078/0001-92,eng. software,21/02/1962
Dyann,Lail,Dyann.Lail@edesoft.com,34.944.681/0001-68,diretor,07/09/2000
Edyth,Sisile,Edyth.Sisile@edesoft.com,00.368.419/0001-09,devops,07/10/1922
Kathi,Parette,Kathi.Parette@edesoft.com,32.507.284/0001-01,diretor,15/02/1918
Stacey,Gualtiero,Stacey.Gualtiero@edesoft.com,343.261.216-88,estagiario,03/06/1980
Lilith,Zrike,Lilith.Zrike@edesoft.com,96.701.791/0001-56,desenvolvedor python,24/11/1976
Melisent,Gusella,Melisent.Gusella@edesoft.com,74.983.834/0001-09,estagiario,29/12/1955
Ashlee,My,Ashlee.My@edesoft.com,602.349.800-01,devops,27/09/1908
Jordan,Brandice,Jordan.Brandice@edesoft.com,16.625.842/0001-79,eng. software,04/11/1971
Tani,Jenness,Tani.Jenness@edesoft.com,02.722.103/0001-90,diretor,26/02/1994
Sissy,Hertzfeld,Sissy.Hertzfeld@edesoft.com,680.953.224-23,estagiario,13/07/1923
Elyssa,Allina,Elyssa.Allina@edesoft.com,90.540.562/0001-10,eng. software,02/02/1917
Tina,Chobot,Tina.Chobot@edesoft.com,797.469.819-51,devops,09/06/1921
Joeann,Albertine,Joeann.Albertine@edesoft.com,805.868.731-63,estagiario,24/02/1985
Silvana,Gale,Silvana.Gale@edesoft.com,027.832.046-57,dba,18/09/1949
Carlie,Oscar,Carlie.Oscar@edesoft.com,748.039.808-53,estagiario,18/07/1962
Keelia,Cottle,Keelia.Cottle@edesoft.com,38.760.180/0001-82,eng. software,11/12/1915
Babita,Fadiman,Babita.Fadiman@edesoft.com,81.565.600/0001-07,eng. software,10/01/1981
Edyth,Redmond,Edyth.Redmond@edesoft.com,154.290.496-03,dba,03/08/1927
Cristabel,Arathorn,Cristabel.Arathorn@edesoft.com,69.363.100/0001-89,desenvolvedor python,17/06/1990
Danny,Valerio,Danny.Valerio@edesoft.com,41.127.079/0001-01,devops,29/04/1932
Lorenza,Korey,Lorenza.Korey@edesoft.com,872.273.301-92,diretor,14/10/1907
Justinn,Nea,Justinn.Nea@edesoft.com,63.799.522/0001-15,dba,02/05/1969
Meghann,Donoghue,Meghann.Donoghue@edesoft.com,96.706.668/0001-28,dba,14/08/1929
Dale,Bari,Dale.Bari@edesoft.com,61.082.894/0001-09,dba,13/12/1907
Kelly,Lutero,Kelly.Lutero@edesoft.com,960.391.720-61,gerente,05/01/1931
Brietta,Helfand,Brietta.Helfand@edesoft.com,95.983.211/0001-06,devops,26/12/1922
Goldie,Beniamino,Goldie.Beniamino@edesoft.com,138.518.463-97,devops,18/08/1923
Isa,Whiffen,Isa.Whiffen@edesoft.com,641.349.064-07,diretor,27/03/1938
Alexine,Kaja,Alexine.Kaja@edesoft.com,78.669.734/0001-55,desenvolvedor python,23/04/1994
Emilia,Silvan,Emilia.Silvan@edesoft.com,341.858.051-36,desenvolvedor python,09/08/1969
Charmaine,Persse,Charmaine.Persse@edesoft.com,408.258.905-86,diretor,29/07/1995
Lanna,Amasa,Lanna.Amasa@edesoft.com,709.969.231-36,desenvolvedor python,22/02/1998
Dagmar,Seessel,Dagmar.Seessel@edesoft.com,551.810.060-43,dba,29/06/1925
Coral,Seligman,Coral.Seligman@edesoft.com,885.045.928-98,gerente,13/12/1982
Carly,Caitlin,Carly.Caitlin@edesoft.com,148.861.204-82,desenvolvedor python,28/05/1950
Katuscha,Margarete,Katuscha.Margarete@edesoft.com,48.690.057/0001-96,estagiario,11/04/1937
Korrie,Melan,Korrie.Melan@edesoft.com,58.981.744/0001-14,devops,21/03/1962
Christian,Suanne,Christian.Suanne@edesoft.com,20.085.946/0001-05,estagiario,31/08/1934
Maud,Hilbert,Maud.Hilbert@edesoft.com,908.884.796-70,dba,13/07/1970
Dania,Ummersen,Dania.Ummersen@edesoft.com,529.679.442-70,estagiario,18/11/1931
Johna,Elbertina,Johna.Elbertina@edesoft.com,37.400.911/0001-16,gerente,14/06/1952
Elsie,Gaspard,Elsie.Gaspard@edesoft.com,786.345.001-28,eng. software,26/01/2003
Nickie,Ramona,Nickie.Ramona@edesoft.com,33.551.099/0001-79,dba,13/02/1919
Kittie,Ummersen,Kittie.Ummersen@edesoft.com,33.120.787/0001-84,gerente,09/02/1992
Phedra,Bendick,Phedra.Bendick@edesoft.com,817.722.305-45,estagiario,13/01/1905
Arlena,Ball,Arlena.Ball@edesoft.com,499.002.785-00,dba,27/01/1947
Jobi,Philoo,Jobi.Philoo@edesoft.com,93.226.388/0001-24,gerente,14/05/1980
Roz,Karl,Roz.Karl@edesoft.com,20.758.914/0001-23,gerente,20/03/1997
Lorie,Raychel,Lorie.Raychel@edesoft.com,115.595.517-04,eng. software,25/12/1961
Concettina,Jacobah,Concettina.Jacobah@edesoft.com,15.624.510/0001-07,eng. software,09/02/1933
Brooks,Germann,Brooks.Germann@edesoft.com,770.944.636-18,estagiario,16/06/1933
Cherrita,Reneta,Cherrita.Reneta@edesoft.com,219.803.770-06,devops,16/02/1954
Renae,Sperling,Renae.Sperling@edesoft.com,96.871.946/0001-00,diretor,30/12/1992
Annora,Madaih,Annora.Madaih@edesoft.com,85.818.240/0001-50,estagiario,14/05/1906
Mariele,Lindemann,Mariele.Lindemann@edesoft.com,74.806.585/0001-78,eng. software,27/01/1907
Almeta,Zenas,Almeta.Zenas@edesoft.com,55.053.113/0001-47,devops,24/07/1935
Frank,Nerita,Frank.Nerita@edesoft.com,507.674.434-03,gerente,20/07/1943
Vita,Pearse,Vita.Pearse@edesoft.com,116.051.904-89,estagiario,01/10/1915
Kellen,Durware,Kellen.Durware@edesoft.com,45.786.387/0001-91,eng. software,06/10/1945
Lonnie,Milde,Lonnie.Milde@edesoft.com,27.353.041/0001-18,devops,22/10/1901
Lindie,Aaberg,Lindie.Aaberg@edesoft.com,023.551.449-74,eng. software,17/04/1961
Modestia,Egbert,Modestia.Egbert@edesoft.com,415.327.158-62,diretor,21/05/1919
Loree,Lorenz,Loree.Lorenz@edesoft.com,125.604.685-06,estagiario,19/07/1926
Rhea,Laurianne,Rhea.Laurianne@edesoft.com,20.987.805/0001-88,estagiario,17/04/1931
Babita,Kesley,Babita.Kesley@edesoft.com,81.629.443/0001-48,desenvolvedor python,20/02/1930
Demetris,Alfons,Demetris.Alfons@edesoft.com,55.738.676/0001-79,gerente,15/04/1900
Sarette,Japeth,Sarette.Japeth@edesoft.com,22.239.653/0001-60,estagiario,01/03/1974
Helena,Pascia,Helena.Pascia@edesoft.com,618.267.365-65,diretor,03/05/1925
Alyssa,Kristi,Alyssa.Kristi@edesoft.com,90.037.876/0001-03,eng. software,26/08/1931
Gerrie,Giff,Gerrie.Giff@edesoft.com,70.905.424/0001-80,eng. software,06/07/1935
Kittie,Dahlia,Kittie.Dahlia@edesoft.com,60.148.429/0001-52,gerente,19/03/1983
Janeczka,Erlandson,Janeczka.Erlandson@edesoft.com,30.923.605/0001-15,desenvolvedor python,09/06/1946
Berta,Wandie,Berta.Wandie@edesoft.com,32.229.953/0001-12,dba,18/12/1994
Natka,Teryn,Natka.Teryn@edesoft.com,065.722.077-90,eng. software,14/04/1978
Tami,Roxanna,Tami.Roxanna@edesoft.com,12.412.325/0001-60,dba,06/06/1908
Belinda,Jobi,Belinda.Jobi@edesoft.com,137.407.472-18,dba,15/03/1921
Marnia,Thunell,Marnia.Thunell@edesoft.com,93.795.751/0001-22,estagiario,02/08/1970
Hallie,Deegan,Hallie.Deegan@edesoft.com,618.317.957-44,gerente,29/01/1964
Therine,Imelida,Therine.Imelida@edesoft.com,54.213.631/0001-18,dba,14/12/2003
Vonny,Sammons,Vonny.Sammons@edesoft.com,63.780.460/0001-08,eng. software,19/08/1972
Flory,Nickola,Flory.Nickola@edesoft.com,86.786.196/0001-07,estagiario,15/04/1928
Robinia,Cookie,Robinia.Cookie@edesoft.com,933.593.962-51,diretor,23/02/1908
Dyann,Salchunas,Dyann.Salchunas@edesoft.com,63.878.360/0001-00,estagiario,20/05/1986
Lusa,Giule,Lusa.Giule@edesoft.com,17.326.760/0001-96,gerente,01/06/1944
Petronia,Ulphia,Petronia.Ulphia@edesoft.com,277.848.749-28,desenvolvedor python,18/11/1914
Rosene,Paine,Rosene.Paine@edesoft.com,04.893.544/0001-80,desenvolvedor python,05/02/2002
Tressa,Seumas,Tressa.Seumas@edesoft.com,034.374.608-54,estagiario,07/12/1982
Sharai,Pillsbury,Sharai.Pillsbury@edesoft.com,740.535.972-85,diretor,21/01/1925
Hannis,Screens,Hannis.Screens@edesoft.com,819.027.161-08,desenvolvedor python,17/03/1962
Carly,Ethban,Carly.Ethban@edesoft.com,978.180.271-57,diretor,28/03/1953
Lorne,Manolo,Lorne.Manolo@edesoft.com,500.225.845-01,estagiario,13/02/1970
Lita,Love,Lita.Love@edesoft.com,00.532.571/0001-77,desenvolvedor python,02/11/1938
Margette,Schroth,Margette.Schroth@edesoft.com,224.031.281-55,gerente,28/04/1920
Tabbatha,Oriana,Tabbatha.Oriana@edesoft.com,162.822.785-03,devops,15/10/1999
Anthia,Hermes,Anthia.Hermes@edesoft.com,496.055.595-52,diretor,10/01/1960
Madelle,Quent,Madelle.Quent@edesoft.com,524.543.599-36,gerente,03/06/1990
Sue,Denis,Sue.Denis@edesoft.com,598.814.683-02,desenvolvedor python,22/01/1928
Brana,Tound,Brana.Tound@edesoft.com,32.583.712/0001-77,estagiario,16/12/1966
Candi,Urania,Candi.Urania@edesoft.com,83.217.124/0001-50,dba,05/07/1976
Janey,Sinegold,Janey.Sinegold@edesoft.com,974.557.280-26,estagiario,02/05/1928
Mariele,Remmer,Mariele.Remmer@edesoft.com,57.995.821/0001-22,desenvolvedor python,19/07/1938
Gaylene,Forrer,Gaylene.Forrer@edesoft.com,54.284.731/0001-35,desenvolvedor python,15/10/1967
Wanda,Toni,Wanda.Toni@edesoft.com,829.016.683-48,dba,17/07/2001
Amii,Berne,Amii.Berne@edesoft.com,67.715.356/0001-82,devops,25/08/1900
Lenna,Tjon,Lenna.Tjon@edesoft.com,16.237.164/0001-77,gerente,04/02/1981
Alyda,Aprile,Alyda.Aprile@edesoft.com,279.860.265-37,dba,26/03/1978
Debee,My,Debee.My@edesoft.com,80.600.752/0001-22,estagiario,13/06/1900
Rosabelle,Sigfrid,Rosabelle.Sigfrid@edesoft.com,08.619.702/0001-60,gerente,08/02/1990
Katharina,Sawtelle,Katharina.Sawtelle@edesoft.com,35.261.727/0001-07,diretor,28/10/1929
Paule,Shanley,Paule.Shanley@edesoft.com,439.754.515-48,diretor,23/10/1981
Maridel,Bollay,Maridel.Bollay@edesoft.com,631.664.137-07,desenvolvedor python,13/02/1985
Loree,Suk,Loree.Suk@edesoft.com,550.102.774-76,gerente,01/06/1949
Dale,Halla,Dale.Halla@edesoft.com,556.624.845-46,desenvolvedor python,07/07/1944
Dyann,Woodberry,Dyann.Woodberry@edesoft.com,55.818.521/0001-42,estagiario,12/06/1931
Lanna,Lalitta,Lanna.Lalitta@edesoft.com,99.677.438/0001-76,gerente,22/02/1975
Ann-Marie,Joni,Ann-Marie.Joni@edesoft.com,592.111.817-63,estagiario,04/09/1910
Gertrud,Brandice,Gertrud.Brandice@edesoft.com,47.774.338/0001-64,eng. software,12/05/1929
Verla,Havens,Verla.Havens@edesoft.com,160.059.630-40,eng. software,27/02/1923
Tani,Publia,Tani.Publia@edesoft.com,208.526.221-04,gerente,13/10/1972
Clarice,Vorster,Clarice.Vorster@edesoft.com,03.135.237/0001-78,eng. software,26/09/1952
Vevay,Ezar,Vevay.Ezar@edesoft.com,89.453.263/0001-60,eng. software,03/04/1988
Zondra,Bearnard,Zondra.Bearnard@edesoft.com,56.937.782/0001-44,diretor,06/02/1959
Elora,Justinn,Elora.Justinn@edesoft.com,774.300.794-40,dba,05/05/1918
Juliane,Revkah,Juliane.Revkah@edesoft.com,64.922.203/0001-18,gerente,08/07/1927
Elka,Beebe,Elka.Beebe@edesoft.com,30.922.482/0001-06,eng. software,04/09/1912
Zondra,Holtz,Zondra.Holtz@edesoft.com,666.600.377-21,gerente,02/11/1959
Meghann,Liebermann,Meghann.Liebermann@edesoft.com,94.243.850/0001-64,eng. software,29/05/1960
Hermione,Oriana,Hermione.Oriana@edesoft.com,71.922.270/0001-06,eng. software,24/10/1916
Zia,Yoko,Zia.Yoko@edesoft.com,412.532.448-47,gerente,21/12/1939
Tersina,Lauraine,Tersina.Lauraine@edesoft.com,57.483.068/0001-96,desenvolvedor python,26/10/1937
Raf,Heidt,Raf.Heidt@edesoft.com,454.053.299-59,diretor,05/05/1985
Tressa,Bonilla,Tressa.Bonilla@edesoft.com,45.977.100/0001-00,diretor,14/12/1928
Tina,Giff,Tina.Giff@edesoft.com,01.639.299/0001-91,eng. software,12/05/1961
Maisey,Rurik,Maisey.Rurik@edesoft.com,18.832.674/0001-18,dba,28/02/1996
Joy,Horan,Joy.Horan@edesoft.com,345.684.318-67,devops,21/06/1916
Michaelina,Wind,Michaelina.Wind@edesoft.com,561.587.598-48,gerente,25/02/1921
Norine,Maurine,Norine.Maurine@edesoft.com,47.237.081/0001-01,desenvolvedor python,06/10/1926
Suzette,Tomasina,Suzette.Tomasina@edesoft.com,63.594.476/0001-18,dba,09/07/1970
Paule,Nedrud,Paule.Nedrud@edesoft.com,911.027.388-32,desenvolvedor python,15/05/1980
Latisha,Terrence,Latisha.Terrence@edesoft.com,271.141.532-52,eng. software,14/03/1942
Cherrita,Minetta,Cherrita.Minetta@edesoft.com,85.181.190/0001-43,dba,20/06/1929
Glynnis,Freddi,Glynnis.Freddi@edesoft.com,742.898.864-00,eng. software,16/07/1933
Maisey,Dom,Maisey.Dom@edesoft.com,37.617.180/0001-65,desenvolvedor python,12/02/1948
Genevra,Donoghue,Genevra.Donoghue@edesoft.com,048.052.826-81,eng. software,29/03/1930
Dorthy,Linskey,Dorthy.Linskey@edesoft.com,50.737.872/0001-05,diretor,10/06/1921
Emelina,Ariella,Emelina.Ariella@edesoft.com,829.450.850-03,gerente,20/07/1907
Sheree,Sekofski,Sheree.Sekofski@edesoft.com,182.035.828-34,eng. software,15/04/1941
Cindelyn,Hachmin,Cindelyn.Hachmin@edesoft.com,55.619.423/0001-86,dba,18/10/1994
Philis,Himelman,Philis.Himelman@edesoft.com,23.756.374/0001-37,gerente,01/07/1965
Paulita,Abram,Paulita.Abram@edesoft.com,09.718.644/0001-94,estagiario,29/01/1970
Brana,Erskine,Brana.Erskine@edesoft.com,83.965.636/0001-03,gerente,19/06/1947
Lanae,Argus,Lanae.Argus@edesoft.com,665.197.809-87,estagiario,23/08/1977
Ana,Quinn,Ana.Quinn@edesoft.com,16.176.321/0001-81,devops,18/01/1936
Sashenka,Leler,Sashenka.Leler@edesoft.com,400.962.782-42,estagiario,01/05/1936
Nessie,Thema,Nessie.Thema@edesoft.com,927.300.288-97,gerente,08/07/1911
Laure,Urania,Laure.Urania@edesoft.com,143.646.005-04,gerente,28/01/1984
Eve,Fiester,Eve.Fiester@edesoft.com,710.405.824-94,diretor,27/09/1978
Judy,Armanda,Judy.Armanda@edesoft.com,41.872.443/0001-50,desenvolvedor python,05/05/1990
Catharine,Dudley,Catharine.Dudley@edesoft.com,38.000.411/0001-50,desenvolvedor python,05/02/1919
Teddie,Mandler,Teddie.Mandler@edesoft.com,02.504.111/0001-60,estagiario,15/09/1924
Fina,Shields,Fina.Shields@edesoft.com,946.550.217-05,devops,23/05/1909
Debee,Warthman,Debee.Warthman@edesoft.com,65.051.751/0001-82,devops,19/12/1947
Xylina,Harriman,Xylina.Harriman@edesoft.com,015.689.758-05,dba,26/04/1950
Randa,Bearnard,Randa.Bearnard@edesoft.com,454.427.559-82,eng. software,25/03/1989
Alisha,Bryna,Alisha.Bryna@edesoft.com,403.313.693-20,eng. software,19/12/2002
Tierney,Gilmour,Tierney.Gilmour@edesoft.com,65.604.903/0001-27,dba,12/09/1986
Lory,Shaddock,Lory.Shaddock@edesoft.com,54.286.189/0001-50,devops,02/04/2000
Edee,Cynar,Edee.Cynar@edesoft.com,69.928.051/0001-84,estagiario,22/09/1965
Cherrita,Cadmar,Cherrita.Cadmar@edesoft.com,72.960.499/0001-90,estagiario,29/03/2001
Gwyneth,Sandye,Gwyneth.Sandye@edesoft.com,892.231.087-13,devops,14/08/1917
Romona,Sancho,Romona.Sancho@edesoft.com,48.680.963/0001-00,gerente,23/08/1979
Maud,Greyson,Maud.Greyson@edesoft.com,68.385.071/0001-93,dba,12/09/1938
Britni,Sundin,Britni.Sundin@edesoft.com,81.918.120/0001-74,estagiario,14/02/1914
Marjie,Kazimir,Marjie.Kazimir@edesoft.com,917.955.772-40,eng. software,10/10/1925
Kassey,Cordi,Kassey.Cordi@edesoft.com,60.311.249/0001-40,estagiario,18/07/1944
Renae,Autrey,Renae.Autrey@edesoft.com,151.571.730-59,dba,13/04/1999
Gerrie,Harday,Gerrie.Harday@edesoft.com,01.985.555/0001-00,diretor,02/01/1943
Dulcinea,Rocray,Dulcinea.Rocray@edesoft.com,826.015.380-74,desenvolvedor python,05/04/1939
Vere,Stilwell,Vere.Stilwell@edesoft.com,376.414.487-47,eng. software,03/07/1921
Kerrin,Lucienne,Kerrin.Lucienne@edesoft.com,96.554.657/0001-70,gerente,03/04/1969
Merci,Dreda,Merci.Dreda@edesoft.com,19.951.686/0001-24,estagiario,03/03/1942
Alejandra,Turne,Alejandra.Turne@edesoft.com,07.690.965/0001-00,dba,26/03/1909
Veda,Jacobah,Veda.Jacobah@edesoft.com,324.049.069-25,desenvolvedor python,21/03/1962
Barbi,Milde,Barbi.Milde@edesoft.com,552.289.256-00,eng. software,28/12/1924
Barbara,Miru,Barbara.Miru@edesoft.com,667.310.995-54,desenvolvedor python,26/04/1920
Chickie,Maples,Chickie.Maples@edesoft.com,396.052.942-22,devops,18/06/2002
Valeda,Tacye,Valeda.Tacye@edesoft.com,666.013.079-98,diretor,01/02/1900
Maryellen,Gwenore,Maryellen.Gwenore@edesoft.com,97.667.787/0001-81,devops,07/09/1910
Ketti,Kravits,Ketti.Kravits@edesoft.com,62.721.187/0001-70,devops,26/03/1970
Selia,Dunkin,Selia.Dunkin@edesoft.com,642.429.790-10,eng. software,23/02/1976
Danika,Burkle,Danika.Burkle@edesoft.com,397.994.965-60,estagiario,11/08/1967
Rebeca,Kimmie,Rebeca.Kimmie@edesoft.com,422.181.097-19,diretor,27/04/1908
Lorie,Janene,Lorie.Janene@edesoft.com,01.044.208/0001-75,eng. software,05/06/1980
Sandie,Hazlett,Sandie.Hazlett@edesoft.com,415.900.489-03,desenvolvedor python,08/01/1922
Quintina,Magnolia,Quintina.Magnolia@edesoft.com,47.743.230/0001-04,gerente,20/08/1963
Bernie,Haldas,Bernie.Haldas@edesoft.com,05.231.392/0001-13,gerente,26/01/1984
Lucille,Tound,Lucille.Tound@edesoft.com,264.197.108-98,estagiario,07/03/1990
Priscilla,Liebermann,Priscilla.Liebermann@edesoft.com,931.707.651-32,gerente,16/03/2000
Letizia,Bow,Letizia.Bow@edesoft.com,929.456.147-07,dba,01/03/1935
Berta,Zola,Berta.Zola@edesoft.com,61.956.203/0001-40,devops,17/09/1988
June,McLaughlin,June.McLaughlin@edesoft.com,46.996.842/0001-46,estagiario,30/04/1930
Christy,Alrich,Christy.Alrich@edesoft.com,706.239.467-00,estagiario,31/05/1939
Luci,Maisey,Luci.Maisey@edesoft.com,62.632.082/0001-44,dba,10/08/1906
Roslyn,Jotham,Roslyn.Jotham@edesoft.com,332.539.047-17,devops,06/11/1989
Ellette,Gordon,Ellette.Gordon@edesoft.com,32.949.001/0001-73,diretor,28/11/1905
Claudina,Mitzi,Claudina.Mitzi@edesoft.com,969.590.498-06,desenvolvedor python,24/09/1972
Bobinette,Faso,Bobinette.Faso@edesoft.com,251.670.649-96,dba,22/07/1946
Adore,Goldina,Adore.Goldina@edesoft.com,500.177.101-38,dba,01/12/1906
Melanie,Papageno,Melanie.Papageno@edesoft.com,97.384.839/0001-02,diretor,02/01/1900
Sophia,Brodench,Sophia.Brodench@edesoft.com,391.994.623-54,estagiario,06/02/2000
Ashlee,Magnolia,Ashlee.Magnolia@edesoft.com,35.995.834/0001-69,gerente,10/11/1987
Cassondra,Aprile,Cassondra.Aprile@edesoft.com,11.081.672/0001-95,eng. software,14/05/1995
Cathie,Fabiola,Cathie.Fabiola@edesoft.com,130.971.632-39,dba,11/01/1974
Kirstin,Santoro,Kirstin.Santoro@edesoft.com,35.260.110/0001-77,gerente,24/09/1920
Henriette,Brotherson,Henriette.Brotherson@edesoft.com,370.460.255-84,devops,13/06/1902
Claudina,Mehalek,Claudina.Mehalek@edesoft.com,182.749.233-32,devops,13/07/1978
Georgina,Kenwood,Georgina.Kenwood@edesoft.com,746.557.702-01,eng. software,23/08/1926
Ofilia,Brodench,Ofilia.Brodench@edesoft.com,27.977.917/0001-05,dba,06/03/1976
Jany,Elbertina,Jany.Elbertina@edesoft.com,31.337.087/0001-10,estagiario,27/12/1912
Sindee,Horan,Sindee.Horan@edesoft.com,617.291.078-77,estagiario,04/09/1921
Corry,Hutchison,Corry.Hutchison@edesoft.com,398.280.874-05,dba,10/02/1940
Valli,Socha,Valli.Socha@edesoft.com,501.541.956-26,gerente,02/06/1903
Leanna,Winnick,Leanna.Winnick@edesoft.com,642.511.276-09,estagiario,04/07/1967
Lory,Arley,Lory.Arley@edesoft.com,155.169.997-40,desenvolvedor python,03/11/1964
Janeczka,Martguerita,Janeczka.Martguerita@edesoft.com,96.645.329/0001-89,devops,09/04/1961
Lacie,Annabella,Lacie.Annabella@edesoft.com,20.716.902/0001-36,eng. software,30/10/1928
Brooks,Howlyn,Brooks.Howlyn@edesoft.com,18.133.954/0001-38,gerente,07/01/1952
Etta,Letsou,Etta.Letsou@edesoft.com,116.677.456-20,devops,22/08/1916
Charissa,Loring,Charissa.Loring@edesoft.com,11.375.633/0001-09,gerente,12/09/1993
Katuscha,Marsden,Katuscha.Marsden@edesoft.com,414.875.220-29,devops,10/05/1980
Marcelline,Lacombe,Marcelline.Lacombe@edesoft.com,12.160.289/0001-95,desenvolvedor python,29/03/1924
Kimmy,Margret,Kimmy.Margret@edesoft.com,80.936.341/0001-02,eng. software,22/07/1913
Neila,Stefa,Neila.Stefa@edesoft.com,50.813.825/0001-01,eng. software,15/09/1957
Eugine,Daniele,Eugine.Daniele@edesoft.com,765.206.383-31,dba,24/11/1959
Kayla,Armanda,Kayla.Armanda@edesoft.com,71.952.562/0001-83,dba,04/05/1948
Melodie,Margret,Melodie.Margret@edesoft.com,575.219.778-31,gerente,19/09/1999
Doro,Henrie,Doro.Henrie@edesoft.com,59.079.644/0001-60,devops,24/02/1952
Desirae,Schwejda,Desirae.Schwejda@edesoft.com,42.617.623/0001-58,devops,05/08/1919
Wynne,Alisia,Wynne.Alisia@edesoft.com,33.316.161/0001-48,devops,22/10/1910
Frances,Brackely,Frances.Brackely@edesoft.com,803.802.499-01,dba,07/06/1942
Sashenka,Forrer,Sashenka.Forrer@edesoft.com,90.877.772/0001-07,eng. software,25/08/1923
Corly,Kermit,Corly.Kermit@edesoft.com,61.695.317/0001-84,devops,17/07/1963
Elie,Elisha,Elie.Elisha@edesoft.com,731.765.190-79,desenvolvedor python,11/07/1911
Roxane,Gilmour,Roxane.Gilmour@edesoft.com,712.213.484-93,desenvolvedor python,05/09/1921
Daryl,Cleavland,Daryl.Cleavland@edesoft.com,550.433.715-10,devops,03/01/1991
Marjie,Corrine,Marjie.Corrine@edesoft.com,710.080.707-77,devops,12/01/1947
Misha,Geffner,Misha.Geffner@edesoft.com,18.207.065/0001-78,desenvolvedor python,07/12/1905
Jorry,Mitzi,Jorry.Mitzi@edesoft.com,38.075.156/0001-04,diretor,01/11/1974
Tera,Abbot,Tera.Abbot@edesoft.com,60.080.096/0001-77,devops,10/09/1927
Juliane,Velick,Juliane.Velick@edesoft.com,260.714.152-41,dba,19/05/1966
Mallory,Leffen,Mallory.Leffen@edesoft.com,584.775.688-71,dba,13/04/1940
Alyda,Hathaway,Alyda.Hathaway@edesoft.com,61.723.799/0001-39,gerente,21/07/1967
Esmeralda,Melleta,Esmeralda.Melleta@edesoft.com,00.572.209/0001-20,eng. software,17/09/1953
Pierette,Juan,Pierette.Juan@edesoft.com,95.022.457/0001-03,diretor,21/12/1941
Collen,Henebry,Collen.Henebry@edesoft.com,53.569.694/0001-49,dba,28/07/1999
Nollie,Bronk,Nollie.Bronk@edesoft.com,69.212.638/0001-92,devops,30/04/1977
Cyb,Wittie,Cyb.Wittie@edesoft.com,525.592.210-20,diretor,12/06/1992
Selia,Valoniah,Selia.Valoniah@edesoft.com,99.150.840/0001-06,desenvolvedor python,05/02/1924
Ashlee,Kylander,Ashlee.Kylander@edesoft.com,10.776.758/0001-70,gerente,28/08/1989
Kaia,Glovsky,Kaia.Glovsky@edesoft.com,976.978.932-15,gerente,20/03/1938
Estell,Lory,Estell.Lory@edesoft.com,614.868.383-08,eng. software,24/11/1978
Sean,Lytton,Sean.Lytton@edesoft.com,49.156.068/0001-53,eng. software,22/06/1900
Dyann,Rheingold,Dyann.Rheingold@edesoft.com,18.317.468/0001-70,diretor,08/12/1999
Chloris,Gaal,Chloris.Gaal@edesoft.com,654.468.979-35,desenvolvedor python,27/04/1952
Gaylene,Pearse,Gaylene.Pearse@edesoft.com,61.114.585/0001-65,eng. software,10/04/1967
Marti,Pillsbury,Marti.Pillsbury@edesoft.com,25.555.367/0001-00,eng. software,01/11/1935
Danny,Uird,Danny.Uird@edesoft.com,10.335.555/0001-48,gerente,09/05/1928
Amii,Hepsibah,Amii.Hepsibah@edesoft.com,365.465.978-02,devops,17/03/1940
Marti,Berl,Marti.Berl@edesoft.com,18.115.295/0001-07,desenvolvedor python,20/06/1946
Renie,Warthman,Renie.Warthman@edesoft.com,57.023.802/0001-34,diretor,06/01/1987
Melisent,Millda,Melisent.Millda@edesoft.com,42.845.974/0001-16,eng. software,19/01/1959
Corina,Garlinda,Corina.Garlinda@edesoft.com,88.296.717/0001-73,diretor,02/01/1924
Mary,Eugenia,Mary.Eugenia@edesoft.com,063.347.241-77,eng. software,07/04/1989
Giustina,Alejoa,Giustina.Alejoa@edesoft.com,667.053.535-03,gerente,24/11/1901
Louella,Kristi,Louella.Kristi@edesoft.com,95.458.985/0001-00,diretor,24/03/1975
Marcelline,Pillsbury,Marcelline.Pillsbury@edesoft.com,57.749.697/0001-15,devops,16/12/1981
Kara-Lynn,Wiener,Kara-Lynn.Wiener@edesoft.com,405.808.523-18,diretor,19/10/1994
Viki,Aloise,Viki.Aloise@edesoft.com,146.945.567-62,dba,31/10/1998
Hayley,Bates,Hayley.Bates@edesoft.com,170.867.176-57,devops,14/12/1902
Chickie,Sigfrid,Chickie.Sigfrid@edesoft.com,71.683.293/0001-05,diretor,29/03/1902
Priscilla,Urias,Priscilla.Urias@edesoft.com,13.405.260/0001-99,dba,12/01/1962
Sara-Ann,Abbot,Sara-Ann.Abbot@edesoft.com,091.785.626-00,eng. software,05/08/1908
Alejandra,Terencio,Alejandra.Terencio@edesoft.com,537.225.505-64,desenvolvedor python,27/07/1974
Madeleine,Brian,Madeleine.Brian@edesoft.com,837.284.301-53,dba,18/06/1987
Oralee,Evvie,Oralee.Evvie@edesoft.com,62.162.262/0001-00,eng. software,27/03/1907
Justinn,Othilia,Justinn.Othilia@edesoft.com,066.009.132-15,desenvolvedor python,08/07/1967
Elie,Natalia,Elie.Natalia@edesoft.com,71.126.739/0001-92,devops,02/01/1954
Di,Gavrila,Di.Gavrila@edesoft.com,96.767.725/0001-89,eng. software,17/02/1954
Christy,Peti,Christy.Peti@edesoft.com,166.668.128-83,eng. software,21/08/1997
Tami,Wildermuth,Tami.Wildermuth@edesoft.com,58.327.336/0001-43,estagiario,30/06/1936
Kayla,Berl,Kayla.Berl@edesoft.com,381.533.840-90,diretor,28/04/1920
Mariele,Hollingsworth,Mariele.Hollingsworth@edesoft.com,367.191.454-87,gerente,17/02/1903
Kristina,Stilwell,Kristina.Stilwell@edesoft.com,70.349.669/0001-79,dba,13/08/1980
Nickie,Ochs,Nickie.Ochs@edesoft.com,72.895.641/0001-62,desenvolvedor python,03/08/1982
Raquela,Dowski,Raquela.Dowski@edesoft.com,651.080.600-25,devops,11/05/1983
Karly,Korey,Karly.Korey@edesoft.com,10.510.604/0001-31,estagiario,21/12/1987
Tobe,Sisile,Tobe.Sisile@edesoft.com,727.180.427-70,estagiario,03/04/1985
Isa,Ulphia,Isa.Ulphia@edesoft.com,28.884.951/0001-90,gerente,10/05/1981
Hayley,Love,Hayley.Love@edesoft.com,75.290.097/0001-13,desenvolvedor python,11/03/1955
Myrtice,Hilbert,Myrtice.Hilbert@edesoft.com,63.773.312/0001-58,eng. software,22/02/1938
Cristine,Yerkovich,Cristine.Yerkovich@edesoft.com,91.705.008/0001-09,estagiario,14/04/1992
Raf,Lutero,Raf.Lutero@edesoft.com,468.549.181-54,devops,08/08/1970
Kary,Malanie,Kary.Malanie@edesoft.com,42.555.830/0001-25,estagiario,01/10/1953
Grier,Bennie,Grier.Bennie@edesoft.com,590.322.530-69,dba,15/04/1989
Alia,Newell,Alia.Newell@edesoft.com,686.774.930-50,dba,01/08/1928
Florencia,Janith,Florencia.Janith@edesoft.com,38.358.566/0001-62,eng. software,30/11/1929
Perry,Lasley,Perry.Lasley@edesoft.com,99.037.468/0001-18,devops,28/12/1984
Blake,Wadell,Blake.Wadell@edesoft.com,654.320.444-39,gerente,18/08/1974
Celisse,Colbert,Celisse.Colbert@edesoft.com,388.773.988-41,dba,27/12/1948
Diena,Jaylene,Diena.Jaylene@edesoft.com,393.070.468-40,estagiario,17/01/1955
Cyndie,Vorster,Cyndie.Vorster@edesoft.com,688.204.380-97,eng. software,16/12/1986
Tami,Briney,Tami.Briney@edesoft.com,91.347.903/0001-07,eng. software,28/09/1925
Goldie,Dituri,Goldie.Dituri@edesoft.com,101.112.716-49,desenvolvedor python,27/11/1947
Bernie,Jacinda,Bernie.Jacinda@edesoft.com,620.317.610-99,eng. software,25/06/1961
Lynde,Septima,Lynde.Septima@edesoft.com,953.090.563-78,gerente,24/02/1953
Raina,Brian,Raina.Brian@edesoft.com,015.323.184-05,devops,14/08/1903
Bettine,Ashely,Bettine.Ashely@edesoft.com,654.424.432-55,gerente,24/11/1903
Dorothy,LaRue,Dorothy.LaRue@edesoft.com,36.723.448/0001-80,estagiario,13/04/1916
Karlee,Kosey,Karlee.Kosey@edesoft.com,95.374.148/0001-00,dba,12/07/1968
Helena,Love,Helena.Love@edesoft.com,88.950.709/0001-07,devops,27/01/1923
Marjie,Thad,Marjie.Thad@edesoft.com,39.270.126/0001-11,estagiario,03/08/1910
Anica,Emanuel,Anica.Emanuel@edesoft.com,22.618.282/0001-28,dba,23/04/1915
Ulrike,Concha,Ulrike.Concha@edesoft.com,05.155.491/0001-63,diretor,19/11/1923
Merle,Sadowski,Merle.Sadowski@edesoft.com,264.004.466-48,gerente,02/07/1948
Miquela,Liva,Miquela.Liva@edesoft.com,16.267.153/0001-30,gerente,27/04/1983
Flory,Hourigan,Flory.Hourigan@edesoft.com,368.618.667-50,diretor,26/09/1952
Wilma,Wallis,Wilma.Wallis@edesoft.com,87.057.855/0001-37,estagiario,11/04/1974
Talya,Myrilla,Talya.Myrilla@edesoft.com,275.710.301-61,diretor,30/11/1946
Kary,Merriott,Kary.Merriott@edesoft.com,21.257.952/0001-65,devops,16/12/1930
Jenilee,Skell,Jenilee.Skell@edesoft.com,960.308.109-44,dba,30/09/1930
Flory,Baudin,Flory.Baudin@edesoft.com,296.717.832-28,devops,15/12/1919
Lauryn,Rozanna,Lauryn.Rozanna@edesoft.com,138.224.839-31,desenvolvedor python,23/06/1986
Ruthe,Dom,Ruthe.Dom@edesoft.com,44.025.059/0001-00,gerente,27/12/1994
Dawn,Willie,Dawn.Willie@edesoft.com,339.353.713-06,diretor,06/05/1900
Rebeca,Clara,Rebeca.Clara@edesoft.com,93.273.409/0001-62,devops,30/10/1958
Ketti,Laurianne,Ketti.Laurianne@edesoft.com,48.472.419/0001-72,diretor,15/03/1955
Meg,Kalinda,Meg.Kalinda@edesoft.com,93.435.457/0001-00,dba,11/05/1951
Donnie,Briney,Donnie.Briney@edesoft.com,251.696.301-74,diretor,11/11/1949
Dorothy,Christal,Dorothy.Christal@edesoft.com,186.789.070-45,eng. software,04/12/1933
Bertine,Vharat,Bertine.Vharat@edesoft.com,72.259.224/0001-23,estagiario,12/09/1967
Wileen,Noam,Wileen.Noam@edesoft.com,193.735.109-24,estagiario,02/05/1922
Althea,Adamsen,Althea.Adamsen@edesoft.com,408.182.755-96,desenvolvedor python,04/02/1955
Robbi,Tengdin,Robbi.Tengdin@edesoft.com,470.586.069-19,estagiario,12/01/1925
Rani,Brittani,Rani.Brittani@edesoft.com,669.640.862-26,desenvolvedor python,03/08/1941
Addia,Kelula,Addia.Kelula@edesoft.com,440.328.840-56,estagiario,20/06/1986
Gerianna,Skurnik,Gerianna.Skurnik@edesoft.com,68.653.250/0001-64,eng. software,30/10/1942
Suzette,Nickola,Suzette.Nickola@edesoft.com,382.747.627-54,estagiario,29/03/2003
Sashenka,Even,Sashenka.Even@edesoft.com,791.184.423-23,estagiario,14/09/2000
Flo,Darrell,Flo.Darrell@edesoft.com,96.711.165/0001-40,estagiario,20/08/1918
Claudina,Roscoe,Claudina.Roscoe@edesoft.com,33.482.188/0001-00,diretor,05/07/1946
Desirae,Rooney,Desirae.Rooney@edesoft.com,874.138.374-55,devops,29/11/1952
Ivett,Martguerita,Ivett.Martguerita@edesoft.com,51.463.516/0001-03,devops,23/11/1993
Jorry,Gaulin,Jorry.Gaulin@edesoft.com,441.136.471-94,estagiario,10/10/1954
Bernardine,Pitt,Bernardine.Pitt@edesoft.com,93.122.687/0001-19,eng. software,15/12/1973
Carolina,Lia,Carolina.Lia@edesoft.com,669.955.341-07,eng. software,15/05/1986
Sibella,Wallis,Sibella.Wallis@edesoft.com,82.609.680/0001-00,devops,10/07/1963
Arlina,Berl,Arlina.Berl@edesoft.com,882.157.622-12,estagiario,05/03/1969
Claresta,Chabot,Claresta.Chabot@edesoft.com,15.024.386/0001-49,dba,04/06/1931
Ricky,Kronfeld,Ricky.Kronfeld@edesoft.com,119.183.593-69,desenvolvedor python,26/03/1915
Amalie,Seessel,Amalie.Seessel@edesoft.com,983.701.807-01,eng. software,18/01/1971
Cyndie,Sabella,Cyndie.Sabella@edesoft.com,163.154.855-70,dba,07/02/1902
Gilda,Chauncey,Gilda.Chauncey@edesoft.com,814.750.531-00,gerente,24/10/1913
Moyna,Gavrila,Moyna.Gavrila@edesoft.com,65.283.897/0001-53,desenvolvedor python,15/09/1945
Shandie,Judye,Shandie.Judye@edesoft.com,49.005.975/0001-00,gerente,01/08/1935
Frances,Yate,Frances.Yate@edesoft.com,86.899.993/0001-09,eng. software,01/06/1950
Adore,Jena,Adore.Jena@edesoft.com,84.352.313/0001-07,diretor,04/09/1958
Arlina,Richers,Arlina.Richers@edesoft.com,31.765.968/0001-32,devops,27/06/1989
Alyssa,Zenas,Alyssa.Zenas@edesoft.com,952.095.105-90,diretor,03/08/1975
Sam,Riva,Sam.Riva@edesoft.com,435.377.414-05,devops,27/06/1920
Evita,Papageno,Evita.Papageno@edesoft.com,335.149.611-74,diretor,15/08/1991
Raf,Tice,Raf.Tice@edesoft.com,62.279.265/0001-28,desenvolvedor python,02/05/1993
Amii,Darrell,Amii.Darrell@edesoft.com,086.029.603-28,eng. software,17/09/1953
Sandie,Georgy,Sandie.Georgy@edesoft.com,28.180.363/0001-75,dba,28/02/1969
Brooks,Himelman,Brooks.Himelman@edesoft.com,34.211.828/0001-00,devops,02/02/1928
Kenna,Reinke,Kenna.Reinke@edesoft.com,464.689.086-04,devops,24/12/1988
Tabbatha,Hollingsworth,Tabbatha.Hollingsworth@edesoft.com,74.599.655/0001-64,gerente,13/04/1966
Madelle,Terrence,Madelle.Terrence@edesoft.com,01.163.030/0001-81,eng. software,06/05/1924
Sam,Eldrid,Sam.Eldrid@edesoft.com,496.286.904-34,estagiario,07/10/1931
Edith,Lane,Edith.Lane@edesoft.com,812.470.290-00,dba,28/06/1907
Marcy,Elbertina,Marcy.Elbertina@edesoft.com,714.184.595-00,gerente,04/11/1900
Emylee,Emmy,Emylee.Emmy@edesoft.com,500.837.843-06,dba,24/02/1943
Carmela,Prouty,Carmela.Prouty@edesoft.com,423.636.865-00,diretor,12/09/1985
Jan,Deny,Jan.Deny@edesoft.com,80.725.732/0001-88,dba,23/12/1983
Corene,Jess,Corene.Jess@edesoft.com,03.511.925/0001-95,eng. software,16/03/1927
Basia,Sherfield,Basia.Sherfield@edesoft.com,26.453.311/0001-08,dba,19/05/1944
Claudina,Shirberg,Claudina.Shirberg@edesoft.com,404.939.714-59,diretor,02/01/1986
Meghann,Stover,Meghann.Stover@edesoft.com,802.107.042-09,desenvolvedor python,19/04/1999
Claudina,Sharl,Claudina.Sharl@edesoft.com,54.942.025/0001-33,diretor,10/02/1934
Layla,Bennie,Layla.Bennie@edesoft.com,283.320.722-04,desenvolvedor python,22/08/1938
Louella,Latini,Louella.Latini@edesoft.com,66.663.325/0001-62,eng. software,17/11/1910
Olwen,Germann,Olwen.Germann@edesoft.com,57.578.849/0001-64,estagiario,02/09/1942
Talya,Zaslow,Talya.Zaslow@edesoft.com,786.633.514-10,estagiario,27/05/1949
Tersina,Syd,Tersina.Syd@edesoft.com,282.335.705-08,diretor,20/07/1998
Clo,Thomasina,Clo.Thomasina@edesoft.com,932.441.402-03,desenvolvedor python,20/12/1944
Constance,Stav,Constance.Stav@edesoft.com,01.613.957/0001-76,desenvolvedor python,10/04/1926
Mady,Ade,Mady.Ade@edesoft.com,67.815.079/0001-80,gerente,01/06/1975
Sean,Isidore,Sean.Isidore@edesoft.com,82.645.000/0001-03,dba,11/07/1929
Ekaterina,Zrike,Ekaterina.Zrike@edesoft.com,12.512.225/0001-06,estagiario,03/02/1921
Carree,Eckblad,Carree.Eckblad@edesoft.com,915.191.396-83,estagiario,30/12/1979
Katleen,Earlie,Katleen.Earlie@edesoft.com,792.793.565-85,estagiario,28/07/1908
Sabina,Paton,Sabina.Paton@edesoft.com,311.063.120-23,estagiario,08/02/1923
Lilith,Vilma,Lilith.Vilma@edesoft.com,143.821.599-11,desenvolvedor python,27/07/1948
Jean,Anestassia,Jean.Anestassia@edesoft.com,67.056.696/0001-49,eng. software,20/07/1963
Joelly,Lynn,Joelly.Lynn@edesoft.com,037.772.929-90,dba,08/12/1962
Lanae,Woodberry,Lanae.Woodberry@edesoft.com,52.455.014/0001-01,devops,11/09/1920
Leeanne,Ciro,Leeanne.Ciro@edesoft.com,81.055.981/0001-76,dba,13/12/1943
Starla,Wittie,Starla.Wittie@edesoft.com,713.560.499-74,gerente,01/03/1933
Olivette,Dorine,Olivette.Dorine@edesoft.com,437.222.798-10,devops,06/08/1952
Adriana,Bonucci,Adriana.Bonucci@edesoft.com,32.118.709/0001-82,eng. software,06/12/1908
Angela,Leonard,Angela.Leonard@edesoft.com,54.375.753/0001-00,estagiario,10/01/1920
Queenie,Saint,Queenie.Saint@edesoft.com,551.312.154-98,gerente,11/11/1931
Correy,Bahr,Correy.Bahr@edesoft.com,28.671.363/0001-78,eng. software,28/12/1914
Lynea,Richers,Lynea.Richers@edesoft.com,28.016.984/0001-18,gerente,16/12/1970
Perry,Tound,Perry.Tound@edesoft.com,972.090.373-22,diretor,01/04/1986
Trixi,Edvard,Trixi.Edvard@edesoft.com,73.824.719/0001-10,eng. software,05/11/1929
Marcelline,Garlinda,Marcelline.Garlinda@edesoft.com,87.195.490/0001-07,dba,09/04/1967
Arlena,Docilla,Arlena.Docilla@edesoft.com,22.092.109/0001-39,desenvolvedor python,24/10/1901
Aeriela,Byrne,Aeriela.Byrne@edesoft.com,603.955.174-78,estagiario,13/03/1906
Laure,Magdalen,Laure.Magdalen@edesoft.com,909.339.928-40,desenvolvedor python,11/12/1926
Cordi,Marisa,Cordi.Marisa@edesoft.com,070.485.914-98,gerente,20/02/1966
Darci,Ariella,Darci.Ariella@edesoft.com,07.150.797/0001-52,gerente,17/11/1961
Jaime,Neils,Jaime.Neils@edesoft.com,110.654.900-70,diretor,03/10/1901
Riannon,Modie,Riannon.Modie@edesoft.com,634.511.865-60,desenvolvedor python,16/04/1982
Gilda,Jacinda,Gilda.Jacinda@edesoft.com,696.374.464-51,gerente,14/07/1998
Janenna,Dorcy,Janenna.Dorcy@edesoft.com,03.852.494/0001-20,estagiario,23/06/1941
Jasmina,Shirberg,Jasmina.Shirberg@edesoft.com,16.680.113/0001-15,eng. software,10/05/1970
Lesly,Delila,Lesly.Delila@edesoft.com,572.953.613-59,devops,12/08/1909
Kalina,Corabella,Kalina.Corabella@edesoft.com,96.310.094/0001-74,estagiario,12/08/1992
Merci,Nedrud,Merci.Nedrud@edesoft.com,87.386.233/0001-52,gerente,08/01/1920
Winny,Roche,Winny.Roche@edesoft.com,321.727.254-47,devops,29/05/1940
Marika,Laverne,Marika.Laverne@edesoft.com,19.042.880/0001-97,devops,07/06/1987
Lonnie,Rolf,Lonnie.Rolf@edesoft.com,425.575.953-73,devops,31/03/1959
Rivalee,Liebermann,Rivalee.Liebermann@edesoft.com,41.784.099/0001-47,diretor,04/03/1906
Ardys,Elvyn,Ardys.Elvyn@edesoft.com,019.964.716-00,desenvolvedor python,01/10/1947
Vevay,Dorothy,Vevay.Dorothy@edesoft.com,94.165.691/0001-27,diretor,25/08/1909
Olwen,Egbert,Olwen.Egbert@edesoft.com,33.046.323/0001-75,dba,01/08/1944
Oona,Laverne,Oona.Laverne@edesoft.com,49.359.409/0001-98,desenvolvedor python,06/08/1956
Daphne,Carlson,Daphne.Carlson@edesoft.com,882.604.243-80,diretor,10/09/1954
Myrtice,Cloris,Myrtice.Cloris@edesoft.com,52.964.193/0001-02,desenvolvedor python,08/05/1962
Ira,Fadiman,Ira.Fadiman@edesoft.com,340.937.235-08,gerente,07/11/1970
Aeriela,Parsaye,Aeriela.Parsaye@edesoft.com,82.285.979/0001-56,dba,10/04/1979
Robinia,Lattie,Robinia.Lattie@edesoft.com,379.572.192-09,desenvolvedor python,02/03/1981
Dotty,Cottle,Dotty.Cottle@edesoft.com,859.638.903-22,gerente,19/09/1984
Ernesta,Hutchison,Ernesta.Hutchison@edesoft.com,675.325.826-47,diretor,28/11/1931
Clarice,Levey,Clarice.Levey@edesoft.com,410.620.064-37,eng. software,26/05/1927
Chere,Darian,Chere.Darian@edesoft.com,475.791.671-07,devops,05/09/1959
Gilligan,Thema,Gilligan.Thema@edesoft.com,251.185.286-15,estagiario,04/12/1960